base_spread,inventory_skew,uncertainty_sensitivity,strategy,num_steps,num_trials,risk_penalty,price_process,random_walk_step_size,brownian_drift,brownian_volatility,dt,observation_noise_std,volatility_window,avg_pnl,std_pnl,avg_risk_adjusted_score,avg_total_fills,avg_abs_final_inventory,avg_max_abs_inventory,avg_abs_inventory,avg_abs_observation_error,avg_effective_spread,avg_estimated_uncertainty
0.15,0.004,0.0,inventory_and_uncertainty_aware,1000,200,2.0,brownian,0.01,0.0,0.02,1.0,0.03,50,8.907772167878747,1.6635842868057944,5.087902167878747,162.89,1.88,6.15,1.9099350000000002,0.023906334460894064,0.15000000000000283,0.04643214424015224
0.05,0.004,2.0,inventory_and_uncertainty_aware,1000,200,2.0,brownian,0.01,0.0,0.02,1.0,0.03,50,8.984514412144916,1.8981374100565187,5.051314412144916,174.6,1.9,6.245,1.9666,0.0239217683778617,0.1428586962354495,0.04642934811772474
0.1,0.004,1.0,inventory_and_uncertainty_aware,1000,200,2.0,brownian,0.01,0.0,0.02,1.0,0.03,50,8.892354344539552,1.798834331939582,5.028254344539551,165.875,2.085,6.295,1.93205,0.023957809690724977,0.14648251113959268,0.04648251113959267
0.1,0.004,2.0,inventory_and_uncertainty_aware,1000,200,2.0,brownian,0.01,0.0,0.02,1.0,0.03,50,8.186632855765813,1.6938257781374335,4.460762855765814,106.26,1.78,5.77,1.862935,0.023941683835015125,0.19276014101214653,0.04638007050607327
0.1,0.004,0.0,inventory_and_uncertainty_aware,1000,200,2.0,brownian,0.01,0.0,0.02,1.0,0.03,50,8.396738990665854,1.829246755714376,4.442558990665854,259.64,1.94,6.745,1.97709,0.0239487693760577,0.09999999999999859,0.046344068896333315
0.15,0.004,1.0,inventory_and_uncertainty_aware,1000,200,2.0,brownian,0.01,0.0,0.02,1.0,0.03,50,8.071576443118808,1.6934211989790025,4.340816443118808,103.165,1.965,5.785,1.86538,0.023956563787695378,0.19634240987687643,0.04634240987687645
0.05,0.004,3.0,inventory_and_uncertainty_aware,1000,200,2.0,brownian,0.01,0.0,0.02,1.0,0.03,50,8.070463693205758,1.828293683330301,4.313853693205758,112.305,1.865,5.765,1.8783050000000001,0.023963705713959085,0.18884667050061732,0.04628222350020578
0.2,0.004,0.0,inventory_and_uncertainty_aware,1000,200,2.0,brownian,0.01,0.0,0.02,1.0,0.03,50,7.910806890209757,1.7400829930155233,4.258266890209757,99.7,1.86,5.585,1.82627,0.023937557648490614,0.19999999999999718,0.046294177010431516
0.05,0.004,1.0,inventory_and_uncertainty_aware,1000,200,2.0,brownian,0.01,0.0,0.02,1.0,0.03,50,8.220604261457003,1.719557490076455,4.246114261457002,264.37,1.98,6.93,1.9872450000000002,0.023883116791452063,0.09628066841662035,0.04628066841662035
0.1,0.002,1.0,inventory_and_uncertainty_aware,1000,200,2.0,brownian,0.01,0.0,0.02,1.0,0.03,50,9.223491490559208,2.18148999165696,3.9294314905592085,166.405,2.705,7.865,2.6470299999999995,0.023873399213893184,0.146256634256511,0.046256634256511005
0.15,0.002,0.0,inventory_and_uncertainty_aware,1000,200,2.0,brownian,0.01,0.0,0.02,1.0,0.03,50,9.051120198877166,2.2595078465960348,3.6046001988771668,161.72,2.83,7.98,2.7232600000000002,0.02389274114992065,0.15000000000000283,0.04626633428182554
0.05,0.002,2.0,inventory_and_uncertainty_aware,1000,200,2.0,brownian,0.01,0.0,0.02,1.0,0.03,50,8.771269444376898,2.2177687972560993,3.5197194443768973,171.69,2.66,7.77,2.625775,0.02393592931584874,0.14262477675544374,0.04631238837772187
0.1,0.002,2.0,inventory_and_uncertainty_aware,1000,200,2.0,brownian,0.01,0.0,0.02,1.0,0.03,50,8.642358398548996,2.2473588223048857,3.4199183985489956,106.165,2.955,7.235,2.6112200000000003,0.023994424512052016,0.19274030759308805,0.04637015379654402
0.1,0.004,3.0,inventory_and_uncertainty_aware,1000,200,2.0,brownian,0.01,0.0,0.02,1.0,0.03,50,6.784666489614734,1.7587767149860332,3.0905364896147347,68.015,1.875,5.37,1.847065,0.02393340134713692,0.23890781776071493,0.046302605920238306
0.1,0.002,0.0,inventory_and_uncertainty_aware,1000,200,2.0,brownian,0.01,0.0,0.02,1.0,0.03,50,8.566427558209275,2.2927477476360565,3.064897558209275,256.175,2.805,8.645,2.750765,0.02392005683564297,0.09999999999999859,0.046407139275403804
0.15,0.004,2.0,inventory_and_uncertainty_aware,1000,200,2.0,brownian,0.01,0.0,0.02,1.0,0.03,50,6.50183806184681,1.5816268532040203,2.95320806184681,64.675,1.835,5.065,1.774315,0.02385777814959586,0.24266853297431756,0.04633426648715879
0.15,0.002,1.0,inventory_and_uncertainty_aware,1000,200,2.0,brownian,0.01,0.0,0.02,1.0,0.03,50,7.966130293947463,1.9206067278278778,2.9129702939474633,101.52,2.9,7.105,2.52658,0.023947271692356786,0.19636317767238798,0.04636317767238795
0.2,0.004,1.0,inventory_and_uncertainty_aware,1000,200,2.0,brownian,0.01,0.0,0.02,1.0,0.03,50,6.47140567286955,1.6587227908077762,2.8871856728695504,62.11,2.07,5.16,1.79211,0.023950766503053583,0.24642050673992366,0.046420506739923637
0.2,0.002,0.0,inventory_and_uncertainty_aware,1000,200,2.0,brownian,0.01,0.0,0.02,1.0,0.03,50,8.048072767891641,2.5044847851313135,2.8478427678916414,99.16,2.72,7.17,2.600115,0.02389150914651412,0.19999999999999718,0.04623665157937827
0.05,0.002,1.0,inventory_and_uncertainty_aware,1000,200,2.0,brownian,0.01,0.0,0.02,1.0,0.03,50,8.393353140415677,2.520720283457368,2.8445231404156766,266.365,2.815,8.745,2.7744150000000003,0.02400143918561937,0.0964708464660445,0.046470846466044484
0.05,0.002,3.0,inventory_and_uncertainty_aware,1000,200,2.0,brownian,0.01,0.0,0.02,1.0,0.03,50,8.13263829666152,2.305656296896517,2.8383982966615195,109.85,3.14,7.375,2.6471199999999997,0.02394852355213409,0.18882563853676315,0.04627521284558771
0.05,0.001,2.0,inventory_and_uncertainty_aware,1000,200,2.0,brownian,0.01,0.0,0.02,1.0,0.03,50,9.325258348957137,3.2575621539163313,2.0605583489571355,170.885,4.035,9.78,3.63235,0.023978811044068543,0.14286959297667237,0.04643479648833618
0.2,0.002,1.0,inventory_and_uncertainty_aware,1000,200,2.0,brownian,0.01,0.0,0.02,1.0,0.03,50,6.5033047891327875,2.028918439801881,1.980714789132787,61.81,2.61,6.01,2.261295,0.023966867359767732,0.24646303712735562,0.04646303712735561
0.1,0.001,2.0,inventory_and_uncertainty_aware,1000,200,2.0,brownian,0.01,0.0,0.02,1.0,0.03,50,8.459844890822732,2.6032218883357627,1.977994890822732,105.46,3.6,8.4,3.240925,0.023949906411596583,0.19288564447471032,0.04644282223735516
0.05,0.004,5.0,inventory_and_uncertainty_aware,1000,200,2.0,brownian,0.01,0.0,0.02,1.0,0.03,50,5.526158302992202,1.6687462780862614,1.954148302992202,46.15,1.98,4.825,1.786005,0.023955459656289858,0.28182781821887337,0.04636556364377467
0.1,0.002,3.0,inventory_and_uncertainty_aware,1000,200,2.0,brownian,0.01,0.0,0.02,1.0,0.03,50,6.80949291261135,2.1950959340742244,1.928602912611349,67.765,2.815,6.475,2.440445,0.023981013268672267,0.23961196221800724,0.04653732073933574
0.1,0.001,1.0,inventory_and_uncertainty_aware,1000,200,2.0,brownian,0.01,0.0,0.02,1.0,0.03,50,9.128327852861366,3.2122509384513513,1.9074678528613649,166.475,4.345,9.885,3.61043,0.023948399540874386,0.14632877770235214,0.046328777702352116
0.15,0.004,3.0,inventory_and_uncertainty_aware,1000,200,2.0,brownian,0.01,0.0,0.02,1.0,0.03,50,5.212732559342552,1.7017521335316126,1.8298325593425517,41.57,1.76,4.455,1.6914500000000001,0.023962323942379446,0.28889870619690083,0.04629956873230029
0.15,0.001,0.0,inventory_and_uncertainty_aware,1000,200,2.0,brownian,0.01,0.0,0.02,1.0,0.03,50,8.981141055989916,2.923023045391131,1.8222310559899164,158.905,3.805,9.545,3.579455,0.023966475874554458,0.15000000000000283,0.04643130744747368
0.15,0.002,2.0,inventory_and_uncertainty_aware,1000,200,2.0,brownian,0.01,0.0,0.02,1.0,0.03,50,6.896378994588905,2.13820475423934,1.746618994588905,64.79,2.99,6.565,2.57488,0.02391805680303361,0.242568650992119,0.0462843254960595
0.15,0.001,1.0,inventory_and_uncertainty_aware,1000,200,2.0,brownian,0.01,0.0,0.02,1.0,0.03,50,8.29526012493441,2.6328733981192785,1.7210601249344102,101.095,3.885,8.33,3.2870999999999997,0.02390684770520114,0.19629443410809988,0.0462944341080999
0.2,0.004,2.0,inventory_and_uncertainty_aware,1000,200,2.0,brownian,0.01,0.0,0.02,1.0,0.03,50,4.873144715429847,1.5964526643730055,1.434554715429847,39.625,1.945,4.53,1.7192949999999998,0.024010128255431792,0.2930400822714961,0.04652004113574803
0.05,0.001,3.0,inventory_and_uncertainty_aware,1000,200,2.0,brownian,0.01,0.0,0.02,1.0,0.03,50,8.079471428394735,3.0449663850850786,1.1690114283947346,110.08,3.93,8.94,3.4552300000000002,0.023887941958699158,0.1890588232353716,0.046352941078457194
0.05,0.001,1.0,inventory_and_uncertainty_aware,1000,200,2.0,brownian,0.01,0.0,0.02,1.0,0.03,50,8.701097301204,3.389202837447308,1.048927301203999,266.125,3.895,10.995,3.826085,0.02395752800478365,0.09633152431301686,0.046331524313016875
0.2,0.001,0.0,inventory_and_uncertainty_aware,1000,200,2.0,brownian,0.01,0.0,0.02,1.0,0.03,50,7.81928536346119,2.92146732648347,0.9789753634611897,97.28,3.98,8.585,3.420155,0.023918473177989473,0.19999999999999718,0.04625027500626697
0.05,0.002,5.0,inventory_and_uncertainty_aware,1000,200,2.0,brownian,0.01,0.0,0.02,1.0,0.03,50,5.417549988947593,2.0261190462263006,0.8692699889475926,45.1,2.72,5.64,2.27414,0.023928637023215037,0.281447485943062,0.04628949718861241
0.1,0.001,0.0,inventory_and_uncertainty_aware,1000,200,2.0,brownian,0.01,0.0,0.02,1.0,0.03,50,8.356391189280346,3.2002912513859263,0.8270811892803455,255.615,4.225,10.735,3.7646550000000003,0.02392983277461254,0.09999999999999859,0.046335035165769846
0.2,0.001,1.0,inventory_and_uncertainty_aware,1000,200,2.0,brownian,0.01,0.0,0.02,1.0,0.03,50,6.492491388609418,2.6720733056602333,0.5867913886094178,61.66,3.91,7.185,2.95285,0.02394924475028702,0.2462223705871427,0.046222370587142673
0.2,0.004,3.0,inventory_and_uncertainty_aware,1000,200,2.0,brownian,0.01,0.0,0.02,1.0,0.03,50,3.6085717003317437,1.4726422560911239,0.4254717003317441,24.475,1.865,3.955,1.59155,0.023953919563358402,0.3390602482138765,0.04635341607129215
0.2,0.002,2.0,inventory_and_uncertainty_aware,1000,200,2.0,brownian,0.01,0.0,0.02,1.0,0.03,50,4.871209608705582,1.9336268457886017,0.4253996087055823,38.905,2.615,5.43,2.222905,0.023967261688546584,0.2929545667447691,0.04647728337238454
0.15,0.002,3.0,inventory_and_uncertainty_aware,1000,200,2.0,brownian,0.01,0.0,0.02,1.0,0.03,50,5.079238439584656,1.8700683523221842,0.4050784395846556,41.175,2.815,5.72,2.33708,0.023909560138372227,0.2888061158911135,0.046268705297037825
0.1,0.004,5.0,inventory_and_uncertainty_aware,1000,200,2.0,brownian,0.01,0.0,0.02,1.0,0.03,50,3.7811663552984545,1.7099467179011216,0.27245635529845436,28.07,1.92,4.195,1.7543549999999999,0.023992366422313286,0.3319976753262197,0.046399535065243934
0.1,0.001,3.0,inventory_and_uncertainty_aware,1000,200,2.0,brownian,0.01,0.0,0.02,1.0,0.03,50,6.526204838935601,2.612548283174626,0.24521483893560064,67.07,3.72,7.55,3.140495,0.023985640561829117,0.23927938936823304,0.04642646312274435
0.15,0.001,2.0,inventory_and_uncertainty_aware,1000,200,2.0,brownian,0.01,0.0,0.02,1.0,0.03,50,6.422061789380132,2.8751754147616633,0.1500717893801322,64.055,3.935,7.58,3.135995,0.023956823793583895,0.24284918680372963,0.04642459340186482
0.05,0.004,0.0,inventory_and_uncertainty_aware,1000,200,2.0,brownian,0.01,0.0,0.02,1.0,0.03,50,4.436523187810275,1.834241626244392,0.047543187810274556,377.87,2.13,7.45,2.19449,0.02390558351003022,0.049999999999999295,0.046351723226785
0.15,0.001,3.0,inventory_and_uncertainty_aware,1000,200,2.0,brownian,0.01,0.0,0.02,1.0,0.03,50,5.39529587433265,2.5098746917599124,0.045305874332649536,41.18,3.64,6.31,2.674995,0.023917628538589017,0.2889029590378111,0.04630098634593705
0.1,0.002,5.0,inventory_and_uncertainty_aware,1000,200,2.0,brownian,0.01,0.0,0.02,1.0,0.03,50,3.925721185743418,1.8986784626832864,-0.2856088142565819,27.33,2.46,4.685,2.105665,0.02390960912298154,0.3318280942332103,0.04636561884664206
0.15,0.004,5.0,inventory_and_uncertainty_aware,1000,200,2.0,brownian,0.01,0.0,0.02,1.0,0.03,50,2.714624327745767,1.3268244176124662,-0.31351567225423294,16.925,1.705,3.43,1.51407,0.02398022965199891,0.3819085873770419,0.04638171747540838
0.2,0.002,3.0,inventory_and_uncertainty_aware,1000,200,2.0,brownian,0.01,0.0,0.02,1.0,0.03,50,3.720554593971109,1.7117638754865352,-0.4552354060288911,24.725,2.615,4.76,2.087895,0.023961305403424928,0.339181487788723,0.04639382926290767
0.2,0.004,5.0,inventory_and_uncertainty_aware,1000,200,2.0,brownian,0.01,0.0,0.02,1.0,0.03,50,1.9438597747631723,1.326758917604151,-0.6337602252368277,10.0,1.86,2.915,1.28881,0.02399079562952712,0.4320822914349208,0.04641645828698415
0.1,0.001,5.0,inventory_and_uncertainty_aware,1000,200,2.0,brownian,0.01,0.0,0.02,1.0,0.03,50,3.981243609586643,1.9033146418893128,-0.637936390413357,27.435,3.075,5.025,2.30959,0.02391464163342307,0.33165887337215916,0.046331774674431836
0.2,0.001,3.0,inventory_and_uncertainty_aware,1000,200,2.0,brownian,0.01,0.0,0.02,1.0,0.03,50,3.8176170900226607,2.037089707571737,-0.6749329099773395,24.78,3.22,5.16,2.246275,0.02393536069074909,0.33891297266241033,0.04630432422080344
0.05,0.001,5.0,inventory_and_uncertainty_aware,1000,200,2.0,brownian,0.01,0.0,0.02,1.0,0.03,50,5.1192516416484315,2.220308509915815,-0.7030983583515689,45.56,3.81,6.74,2.911175,0.023929161085584568,0.2820294350872409,0.04640588701744819
0.2,0.001,2.0,inventory_and_uncertainty_aware,1000,200,2.0,brownian,0.01,0.0,0.02,1.0,0.03,50,4.618831314045321,2.4205941294424242,-0.7109186859546786,38.36,3.31,6.135,2.6648750000000003,0.023936909172926266,0.29298149548519953,0.04649074774259975
0.15,0.002,5.0,inventory_and_uncertainty_aware,1000,200,2.0,brownian,0.01,0.0,0.02,1.0,0.03,50,2.8159166652394565,1.5173910579748726,-0.7546733347605435,16.325,2.445,4.025,1.785295,0.023967112376880664,0.38119926394657727,0.04623985278931546
0.2,0.002,5.0,inventory_and_uncertainty_aware,1000,200,2.0,brownian,0.01,0.0,0.02,1.0,0.03,50,1.972674053548818,1.4632030262872293,-1.035225946451182,10.06,2.01,3.13,1.5039500000000001,0.02392161685940137,0.4318136990099724,0.04636273980199448
0.15,0.0,5.0,inventory_and_uncertainty_aware,1000,200,2.0,brownian,0.01,0.0,0.02,1.0,0.03,50,3.010101175127355,1.9489265718177011,-1.180988824872645,16.14,2.91,4.35,2.095545,0.023981133194150534,0.38191542031785436,0.04638308406357087
0.2,0.0,2.0,inventory_and_uncertainty_aware,1000,200,2.0,brownian,0.01,0.0,0.02,1.0,0.03,50,5.211253669487071,2.5874583308564563,-1.192336330512929,39.37,4.56,7.085,3.201795,0.02393499186596245,0.29268666951293537,0.0463433347564677
0.15,0.001,5.0,inventory_and_uncertainty_aware,1000,200,2.0,brownian,0.01,0.0,0.02,1.0,0.03,50,2.7309591383628797,1.8368076887668838,-1.2819108616371202,16.575,2.765,4.235,2.0064349999999997,0.023965573270045126,0.3814099965529264,0.04628199931058528
0.2,0.001,5.0,inventory_and_uncertainty_aware,1000,200,2.0,brownian,0.01,0.0,0.02,1.0,0.03,50,1.869340898362234,1.5507383891694337,-1.331989101637766,10.045,2.375,3.385,1.600665,0.023874677029602272,0.4319270658367965,0.0463854131673593
0.2,0.0,5.0,inventory_and_uncertainty_aware,1000,200,2.0,brownian,0.01,0.0,0.02,1.0,0.03,50,2.039840987748013,1.743227637919597,-1.4259490122519873,10.38,2.67,3.585,1.732895,0.023974974855007596,0.4321675594162007,0.046433511883240144
0.2,0.0,1.0,inventory_and_uncertainty_aware,1000,200,2.0,brownian,0.01,0.0,0.02,1.0,0.03,50,7.200836465240576,3.2927367113286308,-1.4879535347594244,61.295,6.315,9.33,4.3443950000000005,0.02398407182512462,0.24641181016900546,0.046411810169005474
0.05,0.002,0.0,inventory_and_uncertainty_aware,1000,200,2.0,brownian,0.01,0.0,0.02,1.0,0.03,50,4.580950078752662,2.515038723470587,-1.5268699212473376,376.915,3.295,9.96,3.05391,0.023972551625038408,0.049999999999999295,0.04633152834017925
0.05,0.0,5.0,inventory_and_uncertainty_aware,1000,200,2.0,brownian,0.01,0.0,0.02,1.0,0.03,50,5.335511716790956,2.8378813406897367,-1.582178283209044,44.235,5.075,7.585,3.458845,0.023914737207117457,0.28164803779534575,0.046329607559069154
0.15,0.0,3.0,inventory_and_uncertainty_aware,1000,200,2.0,brownian,0.01,0.0,0.02,1.0,0.03,50,5.1693840958126955,2.7120012549205423,-1.6089859041873043,40.44,5.22,7.52,3.389185,0.023900969503751937,0.28898730758008445,0.046329102526694824
0.2,0.0,3.0,inventory_and_uncertainty_aware,1000,200,2.0,brownian,0.01,0.0,0.02,1.0,0.03,50,3.6856041226633782,2.455656736847174,-1.6361158773366216,24.37,4.03,5.65,2.66086,0.02398430221922541,0.33925661489722647,0.04641887163240882
0.1,0.0,5.0,inventory_and_uncertainty_aware,1000,200,2.0,brownian,0.01,0.0,0.02,1.0,0.03,50,3.6714951598332046,2.327236213235948,-1.8166848401667957,27.335,4.095,5.92,2.74409,0.023960240515020534,0.3322645728818135,0.046452914576362705
0.15,0.0,2.0,inventory_and_uncertainty_aware,1000,200,2.0,brownian,0.01,0.0,0.02,1.0,0.03,50,6.496645874700059,3.5275786285043624,-2.029404125299941,63.94,5.93,9.305,4.263025,0.023899331612753684,0.24270104818588312,0.04635052409294155
0.1,0.0,3.0,inventory_and_uncertainty_aware,1000,200,2.0,brownian,0.01,0.0,0.02,1.0,0.03,50,6.768589520295106,4.242866785573315,-2.1966804797048938,66.745,6.615,9.84,4.482635,0.02390691172412047,0.23897545976819315,0.046325153256064386
0.2,0.0,0.0,inventory_and_uncertainty_aware,1000,200,2.0,brownian,0.01,0.0,0.02,1.0,0.03,50,8.348225576913398,4.221139846454856,-2.236744423086601,97.51,7.87,12.18,5.292485,0.023932809712528254,0.19999999999999718,0.04640145451184884
0.1,0.0,2.0,inventory_and_uncertainty_aware,1000,200,2.0,brownian,0.01,0.0,0.02,1.0,0.03,50,8.339953227872877,4.921952377143135,-2.5432067721271223,106.24,8.34,12.07,5.44158,0.02392508608387023,0.19265673579596057,0.04632836789798029
0.05,0.0,3.0,inventory_and_uncertainty_aware,1000,200,2.0,brownian,0.01,0.0,0.02,1.0,0.03,50,8.314409301074342,4.713424865717931,-2.7468806989256573,109.475,8.515,12.57,5.530645,0.024005121189865898,0.18928917436458895,0.04642972478819632
0.15,0.0,1.0,inventory_and_uncertainty_aware,1000,200,2.0,brownian,0.01,0.0,0.02,1.0,0.03,50,7.777236437337242,4.733820726465136,-3.0652535626627584,100.325,8.335,12.095,5.421245,0.02391382401539699,0.19615896051927387,0.04615896051927385
0.1,0.0,1.0,inventory_and_uncertainty_aware,1000,200,2.0,brownian,0.01,0.0,0.02,1.0,0.03,50,10.417642442374303,6.704054851948753,-3.0958675576256964,164.835,9.725,15.215,6.756754999999999,0.02396144527784424,0.14644925900363867,0.046449259003638686
0.05,0.001,0.0,inventory_and_uncertainty_aware,1000,200,2.0,brownian,0.01,0.0,0.02,1.0,0.03,50,5.215971678844504,3.591951228368685,-3.2391383211554956,379.345,5.005,12.37,4.227555,0.023868658381150546,0.049999999999999295,0.0462230124795055
0.15,0.0,0.0,inventory_and_uncertainty_aware,1000,200,2.0,brownian,0.01,0.0,0.02,1.0,0.03,50,9.280555521206706,5.93891800287573,-3.7043144787932945,159.215,10.085,14.85,6.492435,0.023966220841286884,0.15000000000000283,0.04631203827175431
0.05,0.0,2.0,inventory_and_uncertainty_aware,1000,200,2.0,brownian,0.01,0.0,0.02,1.0,0.03,50,8.628387939724,5.908230930181215,-5.099612060276,172.985,10.835,15.65,6.864,0.02400880703149878,0.1428847794193939,0.046442389709696934
0.1,0.0,0.0,inventory_and_uncertainty_aware,1000,200,2.0,brownian,0.01,0.0,0.02,1.0,0.03,50,8.94496532765359,6.496035083434353,-7.62975467234641,254.885,11.915,18.74,8.28736,0.02395428907648129,0.09999999999999859,0.046260813253218507
0.05,0.0,1.0,inventory_and_uncertainty_aware,1000,200,2.0,brownian,0.01,0.0,0.02,1.0,0.03,50,8.51876294782237,7.573373579789242,-7.69418705217763,263.255,11.825,18.815,8.106475,0.023927439306441103,0.09637314536876779,0.04637314536876779
0.05,0.0,0.0,inventory_and_uncertainty_aware,1000,200,2.0,brownian,0.01,0.0,0.02,1.0,0.03,50,5.794003271356769,5.965441922687873,-11.62348672864323,380.33,13.3,20.63,8.708745,0.0238984787493115,0.049999999999999295,0.04628040634537107
