regime,base_spread,inventory_skew,uncertainty_sensitivity,strategy,num_steps,num_trials,risk_penalty,price_process,random_walk_step_size,brownian_drift,brownian_volatility,dt,observation_noise_std,volatility_window,avg_pnl,std_pnl,avg_risk_adjusted_score,avg_total_fills,avg_abs_final_inventory,avg_max_abs_inventory,avg_abs_inventory,avg_abs_observation_error,avg_effective_spread,avg_estimated_uncertainty
calm_clean,0.1,0.004,0.0,inventory_and_uncertainty_aware,1000,100,2.0,brownian,0.01,0.0,0.01,1.0,0.01,50,10.723709109739197,0.961127727386278,7.0893291097391975,230.81,1.69,6.21,1.8171899999999999,0.008025444513838048,0.09999999999999859,0.01714408607647806
calm_clean,0.05,0.004,3.0,inventory_and_uncertainty_aware,1000,100,2.0,brownian,0.01,0.0,0.01,1.0,0.01,50,10.60273766756975,0.9692375175453962,6.89171766756975,228.03,1.83,6.37,1.8555099999999998,0.007960849759730701,0.10111950450879854,0.017039834836266178
calm_clean,0.1,0.004,1.0,inventory_and_uncertainty_aware,1000,100,2.0,brownian,0.01,0.0,0.01,1.0,0.01,50,10.458303644458423,1.0611159199007907,6.806723644458424,191.32,1.64,6.15,1.82579,0.007974836898358168,0.11717969846647261,0.017179698466472593
calm_clean,0.1,0.004,2.0,inventory_and_uncertainty_aware,1000,100,2.0,brownian,0.01,0.0,0.01,1.0,0.01,50,10.447215213074514,1.0717305723764063,6.682615213074513,162.68,2.0,6.25,1.8822999999999999,0.007979601152879864,0.13428319618710283,0.017141598093551397
calm_clean,0.05,0.004,5.0,inventory_and_uncertainty_aware,1000,100,2.0,brownian,0.01,0.0,0.01,1.0,0.01,50,10.315946370857112,0.9969517307641861,6.603166370857111,163.41,1.89,6.04,1.8563900000000002,0.007998398803338193,0.13544432455187405,0.01708886491037481
calm_clean,0.05,0.004,2.0,inventory_and_uncertainty_aware,1000,100,2.0,brownian,0.01,0.0,0.01,1.0,0.01,50,10.084685478979724,0.9211597359838444,6.359905478979723,265.55,1.83,6.56,1.86239,0.00794658692936459,0.08400569339372524,0.017002846696862625
calm_clean,0.1,0.004,3.0,inventory_and_uncertainty_aware,1000,100,2.0,brownian,0.01,0.0,0.01,1.0,0.01,50,9.825737740733636,1.0925504392356804,6.189617740733637,136.06,1.88,5.87,1.81806,0.007972374166645067,0.15143669900015694,0.017145566333385657
calm_clean,0.15,0.004,0.0,inventory_and_uncertainty_aware,1000,100,2.0,brownian,0.01,0.0,0.01,1.0,0.01,50,9.796180319710823,1.1477940441509125,6.076860319710823,137.88,1.76,5.97,1.85966,0.007985642553985144,0.15000000000000283,0.017101634264096256
calm_clean,0.05,0.004,1.0,inventory_and_uncertainty_aware,1000,100,2.0,brownian,0.01,0.0,0.01,1.0,0.01,50,9.512164158753029,0.9096851609534217,5.907584158753028,318.91,1.77,6.58,1.8022900000000002,0.008000687425022074,0.06714882132120252,0.0171488213212025
calm_clean,0.1,0.002,1.0,inventory_and_uncertainty_aware,1000,100,2.0,brownian,0.01,0.0,0.01,1.0,0.01,50,10.833743740921387,1.1874614119129923,5.775863740921386,189.59,2.49,7.78,2.52894,0.007956336609282627,0.117082651280021,0.017082651280021014
calm_clean,0.15,0.004,1.0,inventory_and_uncertainty_aware,1000,100,2.0,brownian,0.01,0.0,0.01,1.0,0.01,50,9.531645215866423,1.1423013073067791,5.758885215866424,118.8,2.12,5.86,1.88638,0.00796321501670663,0.16710798478658856,0.01710798478658854
calm_clean,0.1,0.002,0.0,inventory_and_uncertainty_aware,1000,100,2.0,brownian,0.01,0.0,0.01,1.0,0.01,50,10.814545108092178,1.0355082020016098,5.7215051080921775,229.53,2.45,7.99,2.5465199999999997,0.007950425657089484,0.09999999999999859,0.01707406273987109
calm_clean,0.1,0.002,2.0,inventory_and_uncertainty_aware,1000,100,2.0,brownian,0.01,0.0,0.01,1.0,0.01,50,10.38403622102391,1.085359761885453,5.546276221023909,162.07,2.75,7.66,2.41888,0.00796117598731368,0.13429890597375393,0.017149452986876965
calm_clean,0.05,0.002,3.0,inventory_and_uncertainty_aware,1000,100,2.0,brownian,0.01,0.0,0.01,1.0,0.01,50,10.667701477555045,1.1609595819036038,5.479281477555045,226.9,2.62,8.06,2.59421,0.007969499922940024,0.10129820362388274,0.017099401207960916
calm_clean,0.05,0.002,2.0,inventory_and_uncertainty_aware,1000,100,2.0,brownian,0.01,0.0,0.01,1.0,0.01,50,10.348162876670132,1.2984524799329755,5.304742876670133,265.83,2.51,8.22,2.52171,0.007976497623419643,0.08420794444627193,0.01710397222313595
calm_clean,0.05,0.002,5.0,inventory_and_uncertainty_aware,1000,100,2.0,brownian,0.01,0.0,0.01,1.0,0.01,50,10.38744620904982,1.3445604118229928,5.101266209049819,161.3,2.68,7.78,2.6430900000000004,0.007976814658780758,0.13508218267901773,0.01701643653580354
calm_clean,0.15,0.004,2.0,inventory_and_uncertainty_aware,1000,100,2.0,brownian,0.01,0.0,0.01,1.0,0.01,50,8.619882280563603,1.1366467359220602,5.064402280563603,99.21,2.03,5.36,1.77774,0.007936513294899403,0.18396362591040838,0.0169818129552042
calm_clean,0.1,0.004,5.0,inventory_and_uncertainty_aware,1000,100,2.0,brownian,0.01,0.0,0.01,1.0,0.01,50,8.519867113539936,1.251967365012236,4.885707113539937,97.05,1.73,5.62,1.81708,0.007975093691015088,0.18562855044954005,0.017125710089908007
calm_clean,0.1,0.002,3.0,inventory_and_uncertainty_aware,1000,100,2.0,brownian,0.01,0.0,0.01,1.0,0.01,50,9.893473421471818,1.3300455253566805,4.848313421471818,136.41,2.59,7.71,2.52258,0.007993422702103306,0.1513958259711074,0.017131941990369128
calm_clean,0.15,0.002,0.0,inventory_and_uncertainty_aware,1000,100,2.0,brownian,0.01,0.0,0.01,1.0,0.01,50,9.844994947799817,1.2804482076839712,4.622034947799816,138.54,2.62,7.49,2.6114800000000002,0.007978105361184245,0.15000000000000283,0.017022341657340137
calm_clean,0.15,0.004,3.0,inventory_and_uncertainty_aware,1000,100,2.0,brownian,0.01,0.0,0.01,1.0,0.01,50,8.157107956752906,1.276764967284439,4.551527956752907,84.18,2.16,5.55,1.80279,0.007961281180848205,0.20109957102084958,0.0170331903402832
calm_clean,0.05,0.002,1.0,inventory_and_uncertainty_aware,1000,100,2.0,brownian,0.01,0.0,0.01,1.0,0.01,50,9.789644884245575,1.102181242648506,4.518444884245576,316.99,2.43,8.49,2.6356,0.00794129573433497,0.0670556440240197,0.017055644024019698
calm_clean,0.15,0.002,1.0,inventory_and_uncertainty_aware,1000,100,2.0,brownian,0.01,0.0,0.01,1.0,0.01,50,9.467693936899513,1.4459623222123765,4.517273936899514,116.78,2.56,6.91,2.4752099999999997,0.007988949600203698,0.16710691089967425,0.01710691089967425
calm_clean,0.2,0.004,0.0,inventory_and_uncertainty_aware,1000,100,2.0,brownian,0.01,0.0,0.01,1.0,0.01,50,8.265277024262767,1.169356633911473,4.447077024262767,85.23,1.85,5.45,1.9091,0.007980208476107604,0.19999999999999718,0.017098557352116964
calm_clean,0.05,0.004,0.0,inventory_and_uncertainty_aware,1000,100,2.0,brownian,0.01,0.0,0.01,1.0,0.01,50,8.004295588424352,0.922400084807949,4.4104355884243525,371.38,1.66,6.55,1.7969300000000001,0.007969511305551083,0.049999999999999295,0.017099308570973762
calm_clean,0.1,0.001,1.0,inventory_and_uncertainty_aware,1000,100,2.0,brownian,0.01,0.0,0.01,1.0,0.01,50,10.695040892673354,1.2912826025458992,4.031380892673355,189.81,3.57,9.45,3.33183,0.007961632183603743,0.11709530665419746,0.017095306654197447
calm_clean,0.2,0.004,1.0,inventory_and_uncertainty_aware,1000,100,2.0,brownian,0.01,0.0,0.01,1.0,0.01,50,7.540974395137739,1.216325547604396,4.01725439513774,72.79,1.67,5.08,1.76186,0.007926699421120884,0.2170402736572677,0.017040273657267666
calm_clean,0.05,0.001,3.0,inventory_and_uncertainty_aware,1000,100,2.0,brownian,0.01,0.0,0.01,1.0,0.01,50,10.701840324238338,1.6485804062747809,3.7607203242383385,223.31,3.25,9.84,3.47056,0.008003930946938097,0.1011179287430307,0.017039309581010232
calm_clean,0.15,0.002,2.0,inventory_and_uncertainty_aware,1000,100,2.0,brownian,0.01,0.0,0.01,1.0,0.01,50,8.792777629435763,1.3172572737907526,3.7380176294357623,98.06,2.78,7.07,2.52738,0.007972836538474673,0.18409540568152571,0.017047702840762867
calm_clean,0.1,0.002,5.0,inventory_and_uncertainty_aware,1000,100,2.0,brownian,0.01,0.0,0.01,1.0,0.01,50,8.770761283776132,1.3338953189304303,3.658661283776131,96.64,3.32,7.23,2.55605,0.007945939014832322,0.18530978486749547,0.017061956973499097
calm_clean,0.05,0.001,5.0,inventory_and_uncertainty_aware,1000,100,2.0,brownian,0.01,0.0,0.01,1.0,0.01,50,10.40568387072859,1.5547245396833527,3.5596038707285897,159.63,3.95,9.18,3.42304,0.007967312279880205,0.13551104080055854,0.017102208160111706
calm_clean,0.1,0.001,0.0,inventory_and_uncertainty_aware,1000,100,2.0,brownian,0.01,0.0,0.01,1.0,0.01,50,10.893373325558812,1.4254786675090434,3.535933325558812,225.12,3.66,10.41,3.67872,0.007952030388314775,0.09999999999999859,0.01712592155396798
calm_clean,0.15,0.002,3.0,inventory_and_uncertainty_aware,1000,100,2.0,brownian,0.01,0.0,0.01,1.0,0.01,50,8.104072332798081,1.3577220435627113,3.363352332798081,81.73,2.55,6.62,2.37036,0.00801578778525737,0.2014487917726758,0.01714959725755859
calm_clean,0.15,0.004,5.0,inventory_and_uncertainty_aware,1000,100,2.0,brownian,0.01,0.0,0.01,1.0,0.01,50,6.923924585726682,1.1539231441241955,3.300964585726681,60.19,1.71,4.99,1.81148,0.007964277446316852,0.23546656334225674,0.017093312668451342
calm_clean,0.1,0.001,2.0,inventory_and_uncertainty_aware,1000,100,2.0,brownian,0.01,0.0,0.01,1.0,0.01,50,10.508010234144399,1.8902867227957378,3.246070234144398,161.85,3.51,9.57,3.6309699999999996,0.007957261977958626,0.1340805047644882,0.017040252382244103
calm_clean,0.05,0.001,2.0,inventory_and_uncertainty_aware,1000,100,2.0,brownian,0.01,0.0,0.01,1.0,0.01,50,10.481160285938303,1.5790817303043685,3.2267802859383026,266.66,3.84,11.12,3.62719,0.00798816863274661,0.08421488132787741,0.017107440663938708
calm_clean,0.2,0.004,2.0,inventory_and_uncertainty_aware,1000,100,2.0,brownian,0.01,0.0,0.01,1.0,0.01,50,6.842026613143591,1.2189405166114446,3.1929666131435903,60.05,2.15,5.11,1.82453,0.00796826857156379,0.23431028023022926,0.017155140115114615
calm_clean,0.05,0.002,0.0,inventory_and_uncertainty_aware,1000,100,2.0,brownian,0.01,0.0,0.01,1.0,0.01,50,8.100177050791354,0.9749904240449763,3.025497050791354,368.86,2.66,8.61,2.53734,0.007947639578905513,0.049999999999999295,0.017000872739110474
calm_clean,0.2,0.002,0.0,inventory_and_uncertainty_aware,1000,100,2.0,brownian,0.01,0.0,0.01,1.0,0.01,50,7.939887370687478,1.324307718740359,2.9462273706874784,82.23,2.95,6.66,2.49683,0.00799395155208942,0.19999999999999718,0.01713249943361969
calm_clean,0.05,0.001,1.0,inventory_and_uncertainty_aware,1000,100,2.0,brownian,0.01,0.0,0.01,1.0,0.01,50,9.697704476130106,1.520919010277811,2.892344476130106,315.05,4.23,10.37,3.4026799999999997,0.00795007334334869,0.06709786106189104,0.017097861061891047
calm_clean,0.1,0.001,3.0,inventory_and_uncertainty_aware,1000,100,2.0,brownian,0.01,0.0,0.01,1.0,0.01,50,9.644449386075985,1.586963807880578,2.7679293860759855,135.91,3.61,9.31,3.43826,0.007979718924871345,0.1513421804904379,0.017114060163479307
calm_clean,0.15,0.001,1.0,inventory_and_uncertainty_aware,1000,100,2.0,brownian,0.01,0.0,0.01,1.0,0.01,50,9.303991681185293,1.657205063204259,2.6768716811852933,115.12,3.6,8.54,3.31356,0.007994959037617011,0.16708769650326383,0.0170876965032638
calm_clean,0.15,0.001,0.0,inventory_and_uncertainty_aware,1000,100,2.0,brownian,0.01,0.0,0.01,1.0,0.01,50,9.675670372977985,1.5347406235208594,2.6699903729779852,137.0,4.22,9.39,3.50284,0.007946721144585483,0.15000000000000283,0.017078965106858895
calm_clean,0.2,0.002,1.0,inventory_and_uncertainty_aware,1000,100,2.0,brownian,0.01,0.0,0.01,1.0,0.01,50,7.426417566195216,1.3946798585557905,2.5800575661952165,70.35,2.61,6.48,2.4231800000000003,0.007968611561730402,0.21705416080207077,0.017054160802070784
calm_clean,0.2,0.004,3.0,inventory_and_uncertainty_aware,1000,100,2.0,brownian,0.01,0.0,0.01,1.0,0.01,50,6.05594894599476,1.1625335117336637,2.4796089459947606,50.47,1.81,4.87,1.78817,0.007962870597843617,0.2509855474332365,0.016995182477745487
calm_clean,0.1,0.001,5.0,inventory_and_uncertainty_aware,1000,100,2.0,brownian,0.01,0.0,0.01,1.0,0.01,50,8.683016010026176,1.680961965770674,2.3708960100261756,96.05,3.89,8.1,3.15606,0.00795773708229123,0.18553537421998623,0.01710707484399725
calm_clean,0.15,0.002,5.0,inventory_and_uncertainty_aware,1000,100,2.0,brownian,0.01,0.0,0.01,1.0,0.01,50,6.956870340142723,1.3711242013898242,2.254970340142723,59.45,2.31,6.09,2.35095,0.008002240271229139,0.2358776196884502,0.017175523937690028
calm_clean,0.2,0.001,0.0,inventory_and_uncertainty_aware,1000,100,2.0,brownian,0.01,0.0,0.01,1.0,0.01,50,8.192606676541942,1.6490679740552379,2.0380866765419423,82.98,3.82,7.75,3.07726,0.007992331810700798,0.19999999999999718,0.01710160095722142
calm_clean,0.15,0.001,3.0,inventory_and_uncertainty_aware,1000,100,2.0,brownian,0.01,0.0,0.01,1.0,0.01,50,8.14362004233136,1.4557451525971112,1.9118000423313595,82.65,3.87,7.69,3.11591,0.007966462609370418,0.20123039136209075,0.017076797120696915
calm_clean,0.15,0.001,2.0,inventory_and_uncertainty_aware,1000,100,2.0,brownian,0.01,0.0,0.01,1.0,0.01,50,8.627109022840068,1.67385090799939,1.7343090228400677,99.02,4.1,8.78,3.4463999999999997,0.007972648389664005,0.18412563406612587,0.01706281703306293
calm_clean,0.05,0.001,0.0,inventory_and_uncertainty_aware,1000,100,2.0,brownian,0.01,0.0,0.01,1.0,0.01,50,8.457312153452829,1.533432963061674,1.6751121534528288,369.61,3.29,10.54,3.3911000000000002,0.007965839108921454,0.049999999999999295,0.017097350709188767
calm_clean,0.2,0.002,2.0,inventory_and_uncertainty_aware,1000,100,2.0,brownian,0.01,0.0,0.01,1.0,0.01,50,6.604566682620236,1.4625015015954286,1.622926682620236,59.06,2.68,6.4,2.49082,0.00799386207291177,0.23434762092761915,0.017173810463809575
calm_clean,0.2,0.004,5.0,inventory_and_uncertainty_aware,1000,100,2.0,brownian,0.01,0.0,0.01,1.0,0.01,50,4.927097942627157,1.1305053989722034,1.1883579426271564,34.61,2.07,4.67,1.8693700000000002,0.0079849738926342,0.28545794836383676,0.01709158967276736
calm_clean,0.2,0.002,3.0,inventory_and_uncertainty_aware,1000,100,2.0,brownian,0.01,0.0,0.01,1.0,0.01,50,6.500068989741153,1.3458739223390432,0.874408989741153,51.27,3.43,6.64,2.81283,0.007999894299131215,0.25137279710250054,0.017124265700833516
calm_clean,0.2,0.001,3.0,inventory_and_uncertainty_aware,1000,100,2.0,brownian,0.01,0.0,0.01,1.0,0.01,50,6.444074825201823,1.5315866356097951,0.8185948252018229,50.7,3.4,6.61,2.81274,0.007972993410464996,0.25115875203928567,0.01705291734642854
calm_clean,0.15,0.001,5.0,inventory_and_uncertainty_aware,1000,100,2.0,brownian,0.01,0.0,0.01,1.0,0.01,50,6.724973396634772,1.7523456149889183,0.8070533966347722,58.94,3.9,7.1,2.9589600000000003,0.007983386944338661,0.23516533232967507,0.01703306646593501
calm_clean,0.2,0.002,5.0,inventory_and_uncertainty_aware,1000,100,2.0,brownian,0.01,0.0,0.01,1.0,0.01,50,4.866248799557245,1.1171573543280628,0.6744087995572451,35.56,2.72,4.98,2.09592,0.007990999217855569,0.2855456997898382,0.017109139957967638
calm_clean,0.2,0.001,1.0,inventory_and_uncertainty_aware,1000,100,2.0,brownian,0.01,0.0,0.01,1.0,0.01,50,7.309097032568004,1.7220120185748546,0.6566570325680037,70.29,4.27,7.94,3.32622,0.007961731943935825,0.2171086910792556,0.017108691079255577
calm_clean,0.2,0.001,2.0,inventory_and_uncertainty_aware,1000,100,2.0,brownian,0.01,0.0,0.01,1.0,0.01,50,6.539663156697762,1.3879140660327272,0.6210631566977627,57.81,3.83,7.06,2.9593000000000003,0.007987548662211902,0.23421268881828333,0.01710634440914165
calm_clean,0.2,0.0,3.0,inventory_and_uncertainty_aware,1000,100,2.0,brownian,0.01,0.0,0.01,1.0,0.01,50,6.2365514553031,1.6105799404075671,-0.4498885446969003,50.6,5.02,7.92,3.34322,0.007975118327752943,0.25123872033644873,0.017079573445482898
calm_clean,0.2,0.001,5.0,inventory_and_uncertainty_aware,1000,100,2.0,brownian,0.01,0.0,0.01,1.0,0.01,50,4.954876057404501,1.166860720129599,-0.5114439425954993,35.39,3.73,6.26,2.73316,0.007986879721593754,0.2856046904855008,0.01712093809710017
calm_clean,0.1,0.0,2.0,inventory_and_uncertainty_aware,1000,100,2.0,brownian,0.01,0.0,0.01,1.0,0.01,50,10.759520980972665,2.431562378918056,-0.5488990190273344,159.83,8.87,13.59,5.654210000000001,0.007981862972266695,0.13421491132349309,0.01710745566174655
calm_clean,0.15,0.0,3.0,inventory_and_uncertainty_aware,1000,100,2.0,brownian,0.01,0.0,0.01,1.0,0.01,50,8.023596739424866,2.237626436226957,-0.6822232605751346,81.75,6.35,9.9,4.35291,0.00797890547547247,0.20125796923516465,0.01708598974505489
calm_clean,0.1,0.0,5.0,inventory_and_uncertainty_aware,1000,100,2.0,brownian,0.01,0.0,0.01,1.0,0.01,50,8.763160635042922,1.7608375074268259,-0.9527193649570781,96.64,7.26,11.44,4.85794,0.008001268308778058,0.18556231525121392,0.01711246305024278
calm_clean,0.1,0.0,3.0,inventory_and_uncertainty_aware,1000,100,2.0,brownian,0.01,0.0,0.01,1.0,0.01,50,10.180343502733777,2.660202833033188,-0.9784164972662243,135.16,8.46,12.98,5.57938,0.007940465678485454,0.1511220683600323,0.017040689453344103
calm_clean,0.15,0.0,5.0,inventory_and_uncertainty_aware,1000,100,2.0,brownian,0.01,0.0,0.01,1.0,0.01,50,6.791279201616699,1.830347861923006,-1.0476607983833015,59.45,5.55,8.6,3.91947,0.007972749220796486,0.23545163904453847,0.0170903278089077
calm_clean,0.2,0.0,2.0,inventory_and_uncertainty_aware,1000,100,2.0,brownian,0.01,0.0,0.01,1.0,0.01,50,6.830020350043544,1.713029474259358,-1.1858196499564557,59.82,6.2,9.36,4.00792,0.007991178895804226,0.2339993904112661,0.016999695205633047
calm_clean,0.15,0.0,1.0,inventory_and_uncertainty_aware,1000,100,2.0,brownian,0.01,0.0,0.01,1.0,0.01,50,9.356568550511204,2.432831710364876,-1.2904114494887964,114.62,7.64,12.19,5.3234900000000005,0.007944256130087783,0.16701823001155794,0.017018230011557983
calm_clean,0.2,0.0,1.0,inventory_and_uncertainty_aware,1000,100,2.0,brownian,0.01,0.0,0.01,1.0,0.01,50,7.3123356140265425,1.781732274915385,-1.5709843859734578,70.28,6.68,9.95,4.44166,0.007977555606603097,0.2170649780691889,0.01706497806918887
calm_clean,0.2,0.0,5.0,inventory_and_uncertainty_aware,1000,100,2.0,brownian,0.01,0.0,0.01,1.0,0.01,50,4.656283053031906,1.7034943864417826,-1.6293169469680935,35.39,4.85,6.91,3.1428000000000003,0.007981186943814812,0.28535107653539443,0.017070215307078897
calm_clean,0.2,0.0,0.0,inventory_and_uncertainty_aware,1000,100,2.0,brownian,0.01,0.0,0.01,1.0,0.01,50,8.001130768741161,2.3325659101087393,-1.694869231258839,83.0,6.8,10.79,4.848,0.007973365275123172,0.19999999999999718,0.017119898165177398
calm_clean,0.15,0.0,2.0,inventory_and_uncertainty_aware,1000,100,2.0,brownian,0.01,0.0,0.01,1.0,0.01,50,8.518949105957716,2.207313176359106,-2.222430894042284,96.41,7.83,11.75,5.37069,0.007983793794476935,0.18412571509921793,0.01706285754960897
calm_clean,0.15,0.0,0.0,inventory_and_uncertainty_aware,1000,100,2.0,brownian,0.01,0.0,0.01,1.0,0.01,50,9.872618009888221,2.6302948514101456,-2.4083219901117783,137.44,9.74,14.25,6.1404700000000005,0.00799763250858921,0.15000000000000283,0.017188475379940834
calm_clean,0.1,0.0,1.0,inventory_and_uncertainty_aware,1000,100,2.0,brownian,0.01,0.0,0.01,1.0,0.01,50,10.611766523015435,2.9326524144218955,-2.548993476984564,188.33,10.35,15.8,6.58038,0.007959485755449443,0.11703973766104342,0.017039737661043396
calm_clean,0.1,0.0,0.0,inventory_and_uncertainty_aware,1000,100,2.0,brownian,0.01,0.0,0.01,1.0,0.01,50,10.869568760128452,3.012709805712321,-3.487071239871548,228.0,10.3,16.69,7.17832,0.007958995432010786,0.09999999999999859,0.01706110031527316
calm_clean,0.05,0.0,5.0,inventory_and_uncertainty_aware,1000,100,2.0,brownian,0.01,0.0,0.01,1.0,0.01,50,10.620200273672758,2.7688253851727374,-3.569079726327242,161.74,10.66,15.81,7.094640000000001,0.007963795942748216,0.13543099066526934,0.017086198133053863
calm_clean,0.05,0.0,3.0,inventory_and_uncertainty_aware,1000,100,2.0,brownian,0.01,0.0,0.01,1.0,0.01,50,10.693759237527326,3.0988340465328226,-3.9426007624726727,221.03,11.59,17.28,7.31818,0.007985295108251418,0.10128917447637747,0.01709639149212582
calm_clean,0.05,0.0,2.0,inventory_and_uncertainty_aware,1000,100,2.0,brownian,0.01,0.0,0.01,1.0,0.01,50,10.655517794430196,3.0771287396460654,-5.551702205569804,266.01,12.91,18.7,8.10361,0.007965190873704061,0.08413909227278132,0.01706954613639066
calm_clean,0.05,0.0,1.0,inventory_and_uncertainty_aware,1000,100,2.0,brownian,0.01,0.0,0.01,1.0,0.01,50,10.203031206016318,3.1269429305688137,-7.272348793983682,315.39,12.67,19.68,8.73769,0.008022262669069974,0.06713914111874084,0.017139141118740826
calm_clean,0.05,0.0,0.0,inventory_and_uncertainty_aware,1000,100,2.0,brownian,0.01,0.0,0.01,1.0,0.01,50,8.411419219016828,3.47645984648542,-9.764360780983173,369.6,13.02,20.79,9.08789,0.007950723035524748,0.049999999999999295,0.017111252250974093
calm_noisy,0.2,0.004,5.0,inventory_and_uncertainty_aware,1000,100,2.0,brownian,0.01,0.0,0.01,1.0,0.1,50,0.11622510268485016,0.2995611584106053,-0.7576348973151498,0.96,0.58,0.73,0.43693,0.07967305406314525,0.9003812796990707,0.14007625593981413
calm_noisy,0.2,0.002,5.0,inventory_and_uncertainty_aware,1000,100,2.0,brownian,0.01,0.0,0.01,1.0,0.1,50,0.16501079230847665,0.3626415543605398,-0.9732092076915234,1.06,0.66,0.84,0.56911,0.08003415975405741,0.9021371154864366,0.14042742309728726
calm_noisy,0.2,0.001,5.0,inventory_and_uncertainty_aware,1000,100,2.0,brownian,0.01,0.0,0.01,1.0,0.1,50,0.15222819736092133,0.3209654397595891,-1.0134918026390787,1.14,0.76,0.91,0.58286,0.07993355770849506,0.9026321802932026,0.1405264360586405
calm_noisy,0.15,0.004,5.0,inventory_and_uncertainty_aware,1000,100,2.0,brownian,0.01,0.0,0.01,1.0,0.1,50,0.2710717350193299,0.38535326599469344,-1.1273282649806702,1.69,0.97,1.16,0.6992,0.0799098590501623,0.8511719643695915,0.14023439287391828
calm_noisy,0.2,0.0,5.0,inventory_and_uncertainty_aware,1000,100,2.0,brownian,0.01,0.0,0.01,1.0,0.1,50,0.08179405053723159,0.2766763933688141,-1.1432659494627684,1.09,0.73,0.85,0.61253,0.07981504486127702,0.9038220149663093,0.14076440299326187
calm_noisy,0.1,0.002,5.0,inventory_and_uncertainty_aware,1000,100,2.0,brownian,0.01,0.0,0.01,1.0,0.1,50,0.30729868926239345,0.4646531606712331,-1.1550213107376066,2.2,0.78,1.24,0.73116,0.07997013437652951,0.8041550684318058,0.14083101368636114
calm_noisy,0.15,0.001,5.0,inventory_and_uncertainty_aware,1000,100,2.0,brownian,0.01,0.0,0.01,1.0,0.1,50,0.24636605242985893,0.441858178470514,-1.224253947570141,1.66,0.94,1.19,0.73531,0.08007531862840969,0.8525598272270877,0.14051196544541752
calm_noisy,0.1,0.004,5.0,inventory_and_uncertainty_aware,1000,100,2.0,brownian,0.01,0.0,0.01,1.0,0.1,50,0.3791848583073627,0.49495198542904456,-1.2346351416926373,2.53,1.07,1.4,0.80691,0.07989092684201712,0.8015239235953027,0.14030478471906055
calm_noisy,0.15,0.0,5.0,inventory_and_uncertainty_aware,1000,100,2.0,brownian,0.01,0.0,0.01,1.0,0.1,50,0.23115810563501513,0.4708570884201184,-1.2681618943649848,1.64,0.92,1.17,0.74966,0.07977385344551059,0.8530976262238346,0.14061952524476692
calm_noisy,0.15,0.002,5.0,inventory_and_uncertainty_aware,1000,100,2.0,brownian,0.01,0.0,0.01,1.0,0.1,50,0.22217489842132793,0.47832549333987345,-1.2870451015786721,1.67,0.99,1.21,0.75461,0.08000828103637468,0.8521513721961097,0.14043027443922193
calm_noisy,0.1,0.004,3.0,inventory_and_uncertainty_aware,1000,100,2.0,brownian,0.01,0.0,0.01,1.0,0.1,50,1.7845528760668259,0.9129528393476628,-1.4082671239331743,22.26,1.8,3.81,1.5964099999999999,0.07982200223919383,0.5213461657315759,0.14044872191052526
calm_noisy,0.1,0.001,5.0,inventory_and_uncertainty_aware,1000,100,2.0,brownian,0.01,0.0,0.01,1.0,0.1,50,0.4060125227400323,0.5273940022304072,-1.4572674772599676,2.62,1.24,1.6,0.93164,0.08010032972459966,0.8028633269912211,0.14057266539824426
calm_noisy,0.1,0.0,5.0,inventory_and_uncertainty_aware,1000,100,2.0,brownian,0.01,0.0,0.01,1.0,0.1,50,0.199128652917572,0.4466980538174498,-1.462691347082428,2.16,1.16,1.41,0.8309099999999999,0.07989685815658772,0.8023578828865929,0.1404715765773186
calm_noisy,0.05,0.002,5.0,inventory_and_uncertainty_aware,1000,100,2.0,brownian,0.01,0.0,0.01,1.0,0.1,50,0.5206048848354636,0.5067077180382714,-1.4973751151645363,3.98,1.48,1.93,1.00899,0.08001617669644005,0.7533499945260864,0.14066999890521728
calm_noisy,0.15,0.004,2.0,inventory_and_uncertainty_aware,1000,100,2.0,brownian,0.01,0.0,0.01,1.0,0.1,50,2.456421308793226,0.9341082824706445,-1.5685386912067745,44.04,2.44,5.13,2.01248,0.07962023548369944,0.4293785703685549,0.13968928518427748
calm_noisy,0.15,0.004,3.0,inventory_and_uncertainty_aware,1000,100,2.0,brownian,0.01,0.0,0.01,1.0,0.1,50,1.4600108342347988,0.847617075353081,-1.577109165765201,14.03,1.99,3.31,1.51856,0.07954671907377166,0.5689766762733176,0.13965889209110585
calm_noisy,0.05,0.004,3.0,inventory_and_uncertainty_aware,1000,100,2.0,brownian,0.01,0.0,0.01,1.0,0.1,50,2.348928236713043,0.9770536754323306,-1.619031763286957,34.06,2.2,4.61,1.9839799999999999,0.07980060618674252,0.47186662982229366,0.14062220994076452
calm_noisy,0.05,0.001,5.0,inventory_and_uncertainty_aware,1000,100,2.0,brownian,0.01,0.0,0.01,1.0,0.1,50,0.4839660409459626,0.5785980985965763,-1.6485939590540375,3.66,1.4,1.87,1.06628,0.07972029428132434,0.750727429643796,0.1401454859287592
calm_noisy,0.2,0.004,1.0,inventory_and_uncertainty_aware,1000,100,2.0,brownian,0.01,0.0,0.01,1.0,0.1,50,2.7612466184848796,1.2519614687196055,-1.6586733815151207,84.06,2.68,6.25,2.20996,0.07954558474313472,0.33997884996330313,0.1399788499633031
calm_noisy,0.2,0.004,3.0,inventory_and_uncertainty_aware,1000,100,2.0,brownian,0.01,0.0,0.01,1.0,0.1,50,1.0256935033310284,0.8129615531056511,-1.6676664966689716,8.91,1.63,2.69,1.34668,0.0794313725139459,0.6196660855149251,0.1398886951716417
calm_noisy,0.05,0.004,5.0,inventory_and_uncertainty_aware,1000,100,2.0,brownian,0.01,0.0,0.01,1.0,0.1,50,0.48620666183065936,0.6191205892200637,-1.7505933381693408,3.8,1.42,1.95,1.1184,0.07966865473635526,0.7511585333728081,0.14023170667456164
calm_noisy,0.2,0.004,2.0,inventory_and_uncertainty_aware,1000,100,2.0,brownian,0.01,0.0,0.01,1.0,0.1,50,2.27564564922925,0.9799335150805599,-1.7894943507707504,30.13,2.13,4.74,2.03257,0.07989808688582786,0.48034814617504973,0.14017407308752486
calm_noisy,0.05,0.004,2.0,inventory_and_uncertainty_aware,1000,100,2.0,brownian,0.01,0.0,0.01,1.0,0.1,50,3.0264382790597892,1.2742477883769794,-1.8092617209402109,92.27,2.53,6.61,2.41785,0.07967384435644145,0.33041087184434736,0.14020543592217366
calm_noisy,0.2,0.002,3.0,inventory_and_uncertainty_aware,1000,100,2.0,brownian,0.01,0.0,0.01,1.0,0.1,50,1.1055843763640492,0.5996457486066868,-1.8761156236359509,9.48,2.22,3.1,1.49085,0.07971545424877154,0.6200067379393908,0.14000224597979694
calm_noisy,0.05,0.0,5.0,inventory_and_uncertainty_aware,1000,100,2.0,brownian,0.01,0.0,0.01,1.0,0.1,50,0.3823549331692541,0.5190312590785601,-1.8967850668307458,3.58,1.36,1.88,1.13957,0.07992841735109597,0.7530399858963173,0.14060799717926345
calm_noisy,0.15,0.002,3.0,inventory_and_uncertainty_aware,1000,100,2.0,brownian,0.01,0.0,0.01,1.0,0.1,50,1.5268241479656044,0.9260280265257237,-1.9723158520343957,14.81,2.11,3.72,1.7495699999999998,0.07970079922342213,0.5705142585748948,0.14017141952496492
calm_noisy,0.2,0.0,3.0,inventory_and_uncertainty_aware,1000,100,2.0,brownian,0.01,0.0,0.01,1.0,0.1,50,1.169075068371546,0.7930009057994704,-2.017084931628454,9.19,2.35,3.32,1.5930799999999998,0.07968589417614401,0.6207130864966584,0.1402376954988861
calm_noisy,0.1,0.004,2.0,inventory_and_uncertainty_aware,1000,100,2.0,brownian,0.01,0.0,0.01,1.0,0.1,50,2.555985323573503,1.1711320858557956,-2.0478146764264973,65.28,2.4,5.88,2.3019,0.07996728100411671,0.3803533099090414,0.1401766549545207
calm_noisy,0.15,0.004,1.0,inventory_and_uncertainty_aware,1000,100,2.0,brownian,0.01,0.0,0.01,1.0,0.1,50,2.448245376295373,1.2068992387384487,-2.160914623704627,116.36,2.6,6.87,2.30458,0.07981170162703549,0.290273480104399,0.140273480104399
calm_noisy,0.2,0.001,3.0,inventory_and_uncertainty_aware,1000,100,2.0,brownian,0.01,0.0,0.01,1.0,0.1,50,1.079163873163953,0.8473143358200853,-2.2724961268360473,9.23,2.31,3.37,1.67583,0.07987484206360584,0.6215490359821164,0.14051634532737214
calm_noisy,0.15,0.002,2.0,inventory_and_uncertainty_aware,1000,100,2.0,brownian,0.01,0.0,0.01,1.0,0.1,50,2.7522625410754027,1.3970792334012494,-2.365957458924597,44.72,3.18,6.0,2.55911,0.07985071282739098,0.4305766646218487,0.14028833231092439
calm_noisy,0.1,0.001,3.0,inventory_and_uncertainty_aware,1000,100,2.0,brownian,0.01,0.0,0.01,1.0,0.1,50,1.8228262735562415,1.0487433501305203,-2.3942137264437586,22.24,2.9,4.65,2.10852,0.07991008191294104,0.5201269355825019,0.14004231186083393
calm_noisy,0.1,0.002,2.0,inventory_and_uncertainty_aware,1000,100,2.0,brownian,0.01,0.0,0.01,1.0,0.1,50,2.8841168643198305,1.4202603270943084,-2.519083135680169,64.79,3.41,6.77,2.7016000000000004,0.07974067886379263,0.3799156326747282,0.13995781633736407
calm_noisy,0.1,0.002,3.0,inventory_and_uncertainty_aware,1000,100,2.0,brownian,0.01,0.0,0.01,1.0,0.1,50,1.651061386175631,1.1684422247890511,-2.592478613824369,22.02,2.76,4.53,2.1217699999999997,0.07985093104681679,0.5207543415801947,0.14025144719339827
calm_noisy,0.15,0.0,3.0,inventory_and_uncertainty_aware,1000,100,2.0,brownian,0.01,0.0,0.01,1.0,0.1,50,1.3464086849040167,0.8686148083010544,-2.6785313150959835,14.71,3.05,4.26,2.01247,0.07978578034070936,0.5718354686656112,0.14061182288853702
calm_noisy,0.2,0.002,2.0,inventory_and_uncertainty_aware,1000,100,2.0,brownian,0.01,0.0,0.01,1.0,0.1,50,2.0645164733922483,1.2671823359805252,-2.698683526607752,29.57,2.81,5.33,2.3816,0.07965528716862195,0.4790936300551809,0.13954681502759042
calm_noisy,0.15,0.001,3.0,inventory_and_uncertainty_aware,1000,100,2.0,brownian,0.01,0.0,0.01,1.0,0.1,50,1.335573481002937,0.9479870542288239,-2.8205265189970627,14.2,2.78,4.23,2.07805,0.07969904398182039,0.5702474128008158,0.1400824709336053
calm_noisy,0.2,0.002,1.0,inventory_and_uncertainty_aware,1000,100,2.0,brownian,0.01,0.0,0.01,1.0,0.1,50,2.8255887240374062,1.4286621677334828,-2.959251275962594,83.37,3.15,7.36,2.89242,0.07954583376604626,0.33995726666653214,0.1399572666665321
calm_noisy,0.05,0.001,3.0,inventory_and_uncertainty_aware,1000,100,2.0,brownian,0.01,0.0,0.01,1.0,0.1,50,2.0952918021271234,1.1609045781005414,-3.035948197872876,32.49,3.43,5.68,2.56562,0.08025113819535074,0.473092288707758,0.14103076290258595
calm_noisy,0.05,0.002,2.0,inventory_and_uncertainty_aware,1000,100,2.0,brownian,0.01,0.0,0.01,1.0,0.1,50,2.9170994507517065,1.3713734442162226,-3.0881405492482936,90.82,3.22,7.74,3.00262,0.07952044020105671,0.3292993372102039,0.13964966860510197
calm_noisy,0.15,0.001,2.0,inventory_and_uncertainty_aware,1000,100,2.0,brownian,0.01,0.0,0.01,1.0,0.1,50,2.6629741762945276,1.1954449336191009,-3.124645823705473,44.92,3.66,6.69,2.89381,0.07960036728084872,0.42965295985307245,0.1398264799265362
calm_noisy,0.05,0.002,3.0,inventory_and_uncertainty_aware,1000,100,2.0,brownian,0.01,0.0,0.01,1.0,0.1,50,2.118408679452654,1.2209174930360913,-3.1321913205473457,33.96,3.12,5.74,2.6253,0.07966594998105561,0.47002244087805145,0.14000748029268378
calm_noisy,0.2,0.001,2.0,inventory_and_uncertainty_aware,1000,100,2.0,brownian,0.01,0.0,0.01,1.0,0.1,50,2.159707921611063,1.2377321533762389,-3.2131120783889373,29.03,3.65,5.75,2.6864100000000004,0.07985333643388817,0.47958672108840994,0.13979336054420494
calm_noisy,0.2,0.0,2.0,inventory_and_uncertainty_aware,1000,100,2.0,brownian,0.01,0.0,0.01,1.0,0.1,50,2.2926660688478258,1.2041164172672019,-3.4669739311521743,30.6,4.58,6.25,2.8798200000000005,0.07990167252523837,0.47982390659857016,0.13991195329928505
calm_noisy,0.1,0.0,3.0,inventory_and_uncertainty_aware,1000,100,2.0,brownian,0.01,0.0,0.01,1.0,0.1,50,1.8029803361355043,1.1428178370645792,-3.628039663864496,22.84,4.2,5.7,2.71551,0.07981937261571913,0.5208398557903294,0.1402799519301098
calm_noisy,0.1,0.001,2.0,inventory_and_uncertainty_aware,1000,100,2.0,brownian,0.01,0.0,0.01,1.0,0.1,50,3.013985342402788,1.421599269737562,-3.671334657597212,65.21,4.09,7.87,3.3426600000000004,0.07969987249203801,0.38010209920431653,0.14005104960215825
calm_noisy,0.1,0.004,1.0,inventory_and_uncertainty_aware,1000,100,2.0,brownian,0.01,0.0,0.01,1.0,0.1,50,1.3051433569158797,1.3468188838978898,-3.6786966430841206,156.28,2.7,7.63,2.49192,0.07960173450570728,0.23978762652112462,0.13978762652112459
calm_noisy,0.15,0.002,1.0,inventory_and_uncertainty_aware,1000,100,2.0,brownian,0.01,0.0,0.01,1.0,0.1,50,2.466681362931339,1.4659591574069963,-3.954978637068661,114.06,3.58,8.55,3.21083,0.07997674227579861,0.29054666640549937,0.14054666640549937
calm_noisy,0.05,0.0,3.0,inventory_and_uncertainty_aware,1000,100,2.0,brownian,0.01,0.0,0.01,1.0,0.1,50,2.2703258683558123,1.4239032686509694,-3.9648541316441874,33.65,4.61,6.82,3.1175900000000003,0.07990823211272531,0.47198574247780056,0.14066191415926688
calm_noisy,0.15,0.0,2.0,inventory_and_uncertainty_aware,1000,100,2.0,brownian,0.01,0.0,0.01,1.0,0.1,50,2.813831418590006,1.7321223347200405,-4.459428581409994,44.39,5.31,7.82,3.6366300000000003,0.07991711347939047,0.4301842573585315,0.1400921286792658
calm_noisy,0.2,0.001,1.0,inventory_and_uncertainty_aware,1000,100,2.0,brownian,0.01,0.0,0.01,1.0,0.1,50,2.8308325335253106,1.602773729043364,-4.804647466474689,82.92,4.88,9.09,3.81774,0.0797288664173609,0.34032617172447316,0.14032617172447315
calm_noisy,0.05,0.001,2.0,inventory_and_uncertainty_aware,1000,100,2.0,brownian,0.01,0.0,0.01,1.0,0.1,50,2.9862053564791404,1.8866168231706535,-5.03509464352086,90.65,5.23,9.54,4.01065,0.08010496759587761,0.33195146690471794,0.140975733452359
calm_noisy,0.1,0.002,1.0,inventory_and_uncertainty_aware,1000,100,2.0,brownian,0.01,0.0,0.01,1.0,0.1,50,1.4540531226108413,1.5153266657715168,-5.380906877389159,155.17,4.05,9.37,3.41748,0.07994933521909259,0.24035985397307388,0.14035985397307388
calm_noisy,0.2,0.004,0.0,inventory_and_uncertainty_aware,1000,100,2.0,brownian,0.01,0.0,0.01,1.0,0.1,50,-0.21105050427711333,1.4719269065867513,-5.4379905042771135,188.93,2.95,8.08,2.61347,0.07986651665794908,0.19999999999999718,0.14062388867739728
calm_noisy,0.1,0.0,2.0,inventory_and_uncertainty_aware,1000,100,2.0,brownian,0.01,0.0,0.01,1.0,0.1,50,2.8531886607498236,1.36742086052915,-5.504791339250176,62.85,6.33,9.46,4.17899,0.07974576785742643,0.3803825745471159,0.14019128727355798
calm_noisy,0.15,0.001,1.0,inventory_and_uncertainty_aware,1000,100,2.0,brownian,0.01,0.0,0.01,1.0,0.1,50,2.657288042381721,1.765936370548535,-5.788731957618279,115.99,5.01,10.28,4.2230099999999995,0.07987089199401814,0.29049701281697504,0.140497012816975
calm_noisy,0.2,0.0,1.0,inventory_and_uncertainty_aware,1000,100,2.0,brownian,0.01,0.0,0.01,1.0,0.1,50,2.7761162733697673,1.9237703286006467,-5.923863726630233,82.57,6.71,10.28,4.34999,0.07995174580155429,0.3409334394702413,0.14093343947024134
calm_noisy,0.05,0.004,1.0,inventory_and_uncertainty_aware,1000,100,2.0,brownian,0.01,0.0,0.01,1.0,0.1,50,-0.7870461010323605,1.447400723197831,-6.109646101032361,204.25,2.45,8.35,2.6612999999999998,0.07986590545227937,0.19009671849650395,0.14009671849650396
calm_noisy,0.2,0.002,0.0,inventory_and_uncertainty_aware,1000,100,2.0,brownian,0.01,0.0,0.01,1.0,0.1,50,-0.01659411421172635,1.7553187901723233,-7.036414114211726,189.16,4.2,9.94,3.5099099999999996,0.07954484762389381,0.19999999999999718,0.1399522458519258
calm_noisy,0.05,0.0,2.0,inventory_and_uncertainty_aware,1000,100,2.0,brownian,0.01,0.0,0.01,1.0,0.1,50,2.628304266364196,2.0323155274236444,-7.278895733635804,90.52,7.62,11.27,4.9536,0.07956231210072028,0.33043313844113453,0.14021656922056727
calm_noisy,0.05,0.002,1.0,inventory_and_uncertainty_aware,1000,100,2.0,brownian,0.01,0.0,0.01,1.0,0.1,50,-0.6032053887042801,1.6351802295515145,-8.02432538870428,202.63,4.13,10.33,3.7105599999999996,0.07976710046744678,0.19065011430234416,0.1406501143023441
calm_noisy,0.1,0.001,1.0,inventory_and_uncertainty_aware,1000,100,2.0,brownian,0.01,0.0,0.01,1.0,0.1,50,1.0421519448221646,2.235882753333652,-8.371088055177836,155.07,5.67,11.76,4.70662,0.07961549619791188,0.24004195601952624,0.1400419560195262
calm_noisy,0.15,0.0,1.0,inventory_and_uncertainty_aware,1000,100,2.0,brownian,0.01,0.0,0.01,1.0,0.1,50,2.7953330140776167,2.888652965537398,-8.529026985922382,114.49,8.71,13.01,5.662179999999999,0.07995148039409267,0.2905798963316518,0.1405798963316518
calm_noisy,0.15,0.004,0.0,inventory_and_uncertainty_aware,1000,100,2.0,brownian,0.01,0.0,0.01,1.0,0.1,50,-3.0444543923523417,1.42643557584263,-8.695974392352342,239.05,3.07,9.1,2.8257600000000003,0.07977743713611059,0.15000000000000283,0.14001259281439674
calm_noisy,0.2,0.001,0.0,inventory_and_uncertainty_aware,1000,100,2.0,brownian,0.01,0.0,0.01,1.0,0.1,50,0.08262348598605045,2.285038586790429,-9.016896514013949,192.72,5.66,11.77,4.54976,0.08006056366504949,0.19999999999999718,0.14095991110477546
calm_noisy,0.05,0.001,1.0,inventory_and_uncertainty_aware,1000,100,2.0,brownian,0.01,0.0,0.01,1.0,0.1,50,-0.5726226631735805,1.7156457029246115,-9.48398266317358,199.82,5.24,11.56,4.45568,0.07968626221216535,0.18984785710045496,0.13984785710045497
calm_noisy,0.15,0.002,0.0,inventory_and_uncertainty_aware,1000,100,2.0,brownian,0.01,0.0,0.01,1.0,0.1,50,-2.790286160601022,1.85594065343127,-10.211746160601022,241.03,3.89,10.74,3.71073,0.07963718294293802,0.15000000000000283,0.13974388261946616
calm_noisy,0.1,0.0,1.0,inventory_and_uncertainty_aware,1000,100,2.0,brownian,0.01,0.0,0.01,1.0,0.1,50,1.3220347115223998,2.6747108499022754,-11.5285252884776,155.83,9.91,15.03,6.42528,0.07955219788098117,0.24020114880052115,0.14020114880052115
calm_noisy,0.15,0.001,0.0,inventory_and_uncertainty_aware,1000,100,2.0,brownian,0.01,0.0,0.01,1.0,0.1,50,-2.8626066767989973,1.8809675008080124,-12.636566676798997,243.3,5.78,13.2,4.886979999999999,0.07981120962221916,0.15000000000000283,0.14051278499344494
calm_noisy,0.1,0.004,0.0,inventory_and_uncertainty_aware,1000,100,2.0,brownian,0.01,0.0,0.01,1.0,0.1,50,-7.1027501492158756,1.7362526780181562,-13.273470149215875,294.17,3.07,9.6,3.08536,0.07953833263438538,0.09999999999999859,0.13964602277353808
calm_noisy,0.1,0.002,0.0,inventory_and_uncertainty_aware,1000,100,2.0,brownian,0.01,0.0,0.01,1.0,0.1,50,-7.604039425830839,1.837512809083849,-16.06439942583084,292.46,4.68,12.3,4.23018,0.07992436239364131,0.09999999999999859,0.1406827646115987
calm_noisy,0.2,0.0,0.0,inventory_and_uncertainty_aware,1000,100,2.0,brownian,0.01,0.0,0.01,1.0,0.1,50,-0.17878784446775114,4.110899613067737,-16.152047844467752,190.28,11.74,18.04,7.98663,0.07976928090221197,0.19999999999999718,0.14034522133705554
calm_noisy,0.05,0.0,1.0,inventory_and_uncertainty_aware,1000,100,2.0,brownian,0.01,0.0,0.01,1.0,0.1,50,0.11740817263412126,3.5192737322018095,-16.84525182736588,200.45,13.07,18.53,8.48133,0.07983040925782588,0.19041475966207178,0.14041475966207176
calm_noisy,0.1,0.001,0.0,inventory_and_uncertainty_aware,1000,100,2.0,brownian,0.01,0.0,0.01,1.0,0.1,50,-7.442718058266435,2.4002247199389144,-18.531738058266434,293.88,5.68,14.32,5.54451,0.0799354438303296,0.09999999999999859,0.1406851111014878
calm_noisy,0.05,0.004,0.0,inventory_and_uncertainty_aware,1000,100,2.0,brownian,0.01,0.0,0.01,1.0,0.1,50,-12.929523460304097,1.8692111137409138,-19.4054434603041,346.86,3.46,10.17,3.2379599999999997,0.07970318972749837,0.049999999999999295,0.14025619445899554
calm_noisy,0.15,0.0,0.0,inventory_and_uncertainty_aware,1000,100,2.0,brownian,0.01,0.0,0.01,1.0,0.1,50,-2.666649679217851,3.4712046607119533,-20.00124967921785,241.67,12.51,19.45,8.667300000000001,0.07956308077153038,0.15000000000000283,0.13983606993110448
calm_noisy,0.05,0.002,0.0,inventory_and_uncertainty_aware,1000,100,2.0,brownian,0.01,0.0,0.01,1.0,0.1,50,-12.83930552225417,2.5960822992756443,-22.05928552225417,347.89,5.25,13.41,4.60999,0.079634637790655,0.049999999999999295,0.1403536346679026
calm_noisy,0.1,0.0,0.0,inventory_and_uncertainty_aware,1000,100,2.0,brownian,0.01,0.0,0.01,1.0,0.1,50,-6.8761336479733055,3.6971921778515626,-23.579393647973305,295.87,11.55,18.96,8.35163,0.07998726058624586,0.09999999999999859,0.1404483326907851
calm_noisy,0.05,0.001,0.0,inventory_and_uncertainty_aware,1000,100,2.0,brownian,0.01,0.0,0.01,1.0,0.1,50,-12.942449479739071,2.347616055316899,-24.14046947973907,349.25,6.35,15.12,5.59901,0.07968014035688116,0.049999999999999295,0.1402712793656732
calm_noisy,0.05,0.0,0.0,inventory_and_uncertainty_aware,1000,100,2.0,brownian,0.01,0.0,0.01,1.0,0.1,50,-13.84785260735944,3.334355309278307,-35.42791260735944,349.65,15.57,23.38,10.79003,0.07972280263707497,0.049999999999999295,0.13992309803172437
volatile_clean,0.05,0.004,1.0,inventory_and_uncertainty_aware,1000,100,2.0,brownian,0.01,0.0,0.05,1.0,0.01,50,10.93962555065879,3.3733723415622676,7.323345550658787,228.39,1.99,6.15,1.8081399999999999,0.007968706584779684,0.10102468606539312,0.05102468606539314
volatile_clean,0.1,0.004,1.0,inventory_and_uncertainty_aware,1000,100,2.0,brownian,0.01,0.0,0.05,1.0,0.01,50,10.50234035278934,3.1582311789412953,6.795020352789339,139.85,1.93,5.95,1.85366,0.008001285701979478,0.15105363600165783,0.05105363600165782
volatile_clean,0.1,0.004,0.0,inventory_and_uncertainty_aware,1000,100,2.0,brownian,0.01,0.0,0.05,1.0,0.01,50,10.501090093333762,3.775772429987709,6.765630093333763,229.46,2.08,6.4,1.86773,0.00796552846487974,0.09999999999999859,0.05114980662576547
volatile_clean,0.1,0.002,0.0,inventory_and_uncertainty_aware,1000,100,2.0,brownian,0.01,0.0,0.05,1.0,0.01,50,11.34445538115237,5.0563576013424605,6.41281538115237,229.58,2.48,8.1,2.46582,0.007976969978915687,0.09999999999999859,0.05098055960066543
volatile_clean,0.05,0.004,2.0,inventory_and_uncertainty_aware,1000,100,2.0,brownian,0.01,0.0,0.05,1.0,0.01,50,9.57394393453044,3.684444796481024,5.866103934530441,137.64,1.98,5.89,1.85392,0.007977224285241669,0.1521440330527294,0.05107201652636469
volatile_clean,0.15,0.004,0.0,inventory_and_uncertainty_aware,1000,100,2.0,brownian,0.01,0.0,0.05,1.0,0.01,50,9.25153021341378,3.7938582574950455,5.591670213413781,138.91,1.79,5.87,1.82993,0.007951680947639284,0.15000000000000283,0.05075279550785295
volatile_clean,0.05,0.002,1.0,inventory_and_uncertainty_aware,1000,100,2.0,brownian,0.01,0.0,0.05,1.0,0.01,50,10.413555164796476,4.850612852713782,5.431255164796475,223.94,2.52,7.82,2.49115,0.008000269490320977,0.10090359746352538,0.05090359746352538
volatile_clean,0.05,0.002,2.0,inventory_and_uncertainty_aware,1000,100,2.0,brownian,0.01,0.0,0.05,1.0,0.01,50,10.394149337178481,5.500144133534018,5.161229337178481,136.37,2.65,7.52,2.61646,0.007984177938688934,0.15193723389931113,0.05096861694965555
volatile_clean,0.1,0.002,1.0,inventory_and_uncertainty_aware,1000,100,2.0,brownian,0.01,0.0,0.05,1.0,0.01,50,9.952788000233168,5.321350068935273,4.747588000233168,135.86,2.54,7.48,2.6026,0.007994791209399093,0.1509194837120541,0.05091948371205409
volatile_clean,0.05,0.002,0.0,inventory_and_uncertainty_aware,1000,100,2.0,brownian,0.01,0.0,0.05,1.0,0.01,50,9.739602510475628,5.112700225610809,4.702082510475627,369.72,2.34,8.38,2.51876,0.00796231265463134,0.049999999999999295,0.050932533326607646
volatile_clean,0.1,0.004,2.0,inventory_and_uncertainty_aware,1000,100,2.0,brownian,0.01,0.0,0.05,1.0,0.01,50,8.239997387835253,3.790754692422716,4.598077387835252,81.64,2.04,5.5,1.8209600000000001,0.007982648190912583,0.2017332099242018,0.050866604962100895
volatile_clean,0.05,0.004,0.0,inventory_and_uncertainty_aware,1000,100,2.0,brownian,0.01,0.0,0.05,1.0,0.01,50,8.08190537511072,3.6528803027721075,4.469385375110719,375.56,1.96,6.7,1.80626,0.007942514182271425,0.049999999999999295,0.051095011431833065
volatile_clean,0.05,0.004,3.0,inventory_and_uncertainty_aware,1000,100,2.0,brownian,0.01,0.0,0.05,1.0,0.01,50,8.044462282659115,3.764151874441722,4.411602282659115,84.12,2.02,5.27,1.81643,0.007986034250525801,0.2032492418976186,0.05108308063253953
volatile_clean,0.1,0.001,0.0,inventory_and_uncertainty_aware,1000,100,2.0,brownian,0.01,0.0,0.05,1.0,0.01,50,10.977273522372002,6.813364800791419,4.321213522372002,227.01,3.63,9.7,3.32803,0.007985567511866288,0.09999999999999859,0.05099376441682082
volatile_clean,0.2,0.004,0.0,inventory_and_uncertainty_aware,1000,100,2.0,brownian,0.01,0.0,0.05,1.0,0.01,50,7.962669808026367,4.074165123342528,4.319509808026367,84.48,2.12,5.43,1.82158,0.008008863997876195,0.19999999999999718,0.05081615025630084
volatile_clean,0.15,0.004,1.0,inventory_and_uncertainty_aware,1000,100,2.0,brownian,0.01,0.0,0.05,1.0,0.01,50,7.421861482066961,3.2589913342689503,3.8989014820669614,83.2,1.84,5.18,1.76148,0.007983136788065026,0.20095766866695985,0.050957668666959825
volatile_clean,0.15,0.002,0.0,inventory_and_uncertainty_aware,1000,100,2.0,brownian,0.01,0.0,0.05,1.0,0.01,50,9.124187760835115,4.796067588954136,3.8375877608351145,137.61,2.91,7.63,2.6433,0.007977768000180343,0.15000000000000283,0.050811253565063975
volatile_clean,0.15,0.001,0.0,inventory_and_uncertainty_aware,1000,100,2.0,brownian,0.01,0.0,0.05,1.0,0.01,50,10.405476470798003,6.651740680534344,3.657096470798004,138.41,3.25,9.18,3.37419,0.007953519482441959,0.15000000000000283,0.0508738167248103
volatile_clean,0.05,0.001,1.0,inventory_and_uncertainty_aware,1000,100,2.0,brownian,0.01,0.0,0.05,1.0,0.01,50,10.531953219643647,7.004287082294799,3.518393219643646,223.63,3.37,9.84,3.50678,0.007975641006808804,0.10079431074311991,0.05079431074311988
volatile_clean,0.05,0.001,2.0,inventory_and_uncertainty_aware,1000,100,2.0,brownian,0.01,0.0,0.05,1.0,0.01,50,10.062464296576875,7.338254791746569,3.371884296576876,136.12,4.3,8.94,3.34529,0.008005906235629301,0.15182305902760113,0.05091152951380057
volatile_clean,0.2,0.002,0.0,inventory_and_uncertainty_aware,1000,100,2.0,brownian,0.01,0.0,0.05,1.0,0.01,50,8.36562804630418,5.2181095209652835,3.3465880463041806,82.34,3.08,6.6,2.50952,0.007991478769955335,0.19999999999999718,0.05098941393794959
volatile_clean,0.1,0.002,2.0,inventory_and_uncertainty_aware,1000,100,2.0,brownian,0.01,0.0,0.05,1.0,0.01,50,7.857724020248278,4.347365374129339,3.1302440202482775,81.45,2.53,6.42,2.36374,0.0079859157577384,0.2023333732186388,0.05116668660931941
volatile_clean,0.2,0.001,0.0,inventory_and_uncertainty_aware,1000,100,2.0,brownian,0.01,0.0,0.05,1.0,0.01,50,9.014892059690009,6.722634216628886,2.9883320596900087,84.54,3.5,7.71,3.01328,0.007973448339352129,0.19999999999999718,0.05108415711784029
volatile_clean,0.1,0.004,3.0,inventory_and_uncertainty_aware,1000,100,2.0,brownian,0.01,0.0,0.05,1.0,0.01,50,6.376203176835047,3.7257380308360317,2.926983176835047,49.95,1.97,4.73,1.7246100000000002,0.007956968962147202,0.2529760502923345,0.05099201676411152
volatile_clean,0.05,0.002,3.0,inventory_and_uncertainty_aware,1000,100,2.0,brownian,0.01,0.0,0.05,1.0,0.01,50,7.7090446186561765,4.9037493952125395,2.802044618656177,82.44,2.82,6.73,2.4535,0.00802128335470749,0.20334288666416042,0.051114295554720135
volatile_clean,0.1,0.001,1.0,inventory_and_uncertainty_aware,1000,100,2.0,brownian,0.01,0.0,0.05,1.0,0.01,50,8.882646505510362,6.47404628551434,2.2456265055103617,136.88,3.8,9.06,3.31851,0.007980286171376258,0.15105472748590262,0.05105472748590262
volatile_clean,0.15,0.002,1.0,inventory_and_uncertainty_aware,1000,100,2.0,brownian,0.01,0.0,0.05,1.0,0.01,50,7.129383815639668,5.406695851100342,2.1820438156396684,81.5,2.76,6.82,2.47367,0.007957863899720226,0.20094958825985196,0.050949588259851956
volatile_clean,0.15,0.004,2.0,inventory_and_uncertainty_aware,1000,100,2.0,brownian,0.01,0.0,0.05,1.0,0.01,50,5.890513980852729,3.6344593265984813,2.080913980852729,50.09,1.89,5.2,1.9047999999999998,0.00799595843314228,0.2521148926040554,0.05105744630202771
volatile_clean,0.2,0.004,1.0,inventory_and_uncertainty_aware,1000,100,2.0,brownian,0.01,0.0,0.05,1.0,0.01,50,5.600778197105938,3.340977752679202,1.9976981971059382,51.69,1.91,4.93,1.80154,0.007972317283257402,0.250897203574899,0.05089720357489895
volatile_clean,0.1,0.001,2.0,inventory_and_uncertainty_aware,1000,100,2.0,brownian,0.01,0.0,0.05,1.0,0.01,50,8.021697869166713,5.951775268345228,1.797337869166713,82.12,4.08,7.85,3.1121800000000004,0.00798474923954482,0.20156408558623165,0.05078204279311582
volatile_clean,0.05,0.001,0.0,inventory_and_uncertainty_aware,1000,100,2.0,brownian,0.01,0.0,0.05,1.0,0.01,50,8.8173001988028,6.88749554298492,1.4358201988027997,372.8,3.24,11.34,3.69074,0.008009981464578826,0.049999999999999295,0.05133411980147961
volatile_clean,0.1,0.001,3.0,inventory_and_uncertainty_aware,1000,100,2.0,brownian,0.01,0.0,0.05,1.0,0.01,50,7.050353711259601,5.955614642164572,1.3919737112596002,50.76,3.44,6.71,2.8291899999999996,0.008009389803811962,0.2525298470902601,0.05084328236342004
volatile_clean,0.15,0.002,2.0,inventory_and_uncertainty_aware,1000,100,2.0,brownian,0.01,0.0,0.05,1.0,0.01,50,6.085904305522787,4.818779209694334,1.3786243055227874,49.92,2.84,5.89,2.35364,0.007967321628871475,0.25178552108058694,0.050892760540293465
volatile_clean,0.1,0.002,3.0,inventory_and_uncertainty_aware,1000,100,2.0,brownian,0.01,0.0,0.05,1.0,0.01,50,5.98513445126799,4.815309295159868,1.3053344512679899,50.34,2.94,5.99,2.3399,0.007989167570930421,0.25323710864235965,0.0510790362141199
volatile_clean,0.2,0.002,1.0,inventory_and_uncertainty_aware,1000,100,2.0,brownian,0.01,0.0,0.05,1.0,0.01,50,5.843464232819124,4.991271406414482,1.2402642328191238,50.48,2.76,5.84,2.3016,0.007971339101015374,0.2509715396678563,0.050971539667856273
volatile_clean,0.15,0.001,1.0,inventory_and_uncertainty_aware,1000,100,2.0,brownian,0.01,0.0,0.05,1.0,0.01,50,7.329806245009752,6.962622543616854,0.9023862450097522,81.12,4.08,7.91,3.21371,0.007986686439144259,0.20088739062680885,0.05088739062680889
volatile_clean,0.2,0.004,2.0,inventory_and_uncertainty_aware,1000,100,2.0,brownian,0.01,0.0,0.05,1.0,0.01,50,4.1915663689256615,3.6517166534999284,0.8184863689256616,30.13,1.95,4.19,1.68654,0.007964016222525839,0.3020479948609636,0.05102399743048183
volatile_clean,0.05,0.004,5.0,inventory_and_uncertainty_aware,1000,100,2.0,brownian,0.01,0.0,0.05,1.0,0.01,50,4.400941917698139,3.7436148156911395,0.7204619176981398,32.06,2.0,4.5,1.84024,0.007956907927836954,0.30497943435617264,0.05099588687123452
volatile_clean,0.2,0.002,2.0,inventory_and_uncertainty_aware,1000,100,2.0,brownian,0.01,0.0,0.05,1.0,0.01,50,4.713705331862232,3.5445484533865126,0.6955253318622315,31.33,2.43,4.88,2.00909,0.007969262296176555,0.30190852102289506,0.05095426051144755
volatile_clean,0.05,0.001,3.0,inventory_and_uncertainty_aware,1000,100,2.0,brownian,0.01,0.0,0.05,1.0,0.01,50,7.161486389306043,8.190905885895452,0.6889263893060432,81.94,3.56,8.24,3.23628,0.00796314840983713,0.2033544508142748,0.05111815027142492
volatile_clean,0.15,0.004,3.0,inventory_and_uncertainty_aware,1000,100,2.0,brownian,0.01,0.0,0.05,1.0,0.01,50,4.069639882793902,3.758557489499987,0.5447198827939023,30.37,1.87,4.42,1.7624600000000001,0.008013170268636259,0.3034139440223045,0.051137981340768156
volatile_clean,0.15,0.001,2.0,inventory_and_uncertainty_aware,1000,100,2.0,brownian,0.01,0.0,0.05,1.0,0.01,50,5.85568712000595,4.865902474764737,0.5242071200059494,49.88,2.82,6.47,2.66574,0.007967173257513442,0.25245470207102566,0.051227351035512826
volatile_clean,0.05,0.001,5.0,inventory_and_uncertainty_aware,1000,100,2.0,brownian,0.01,0.0,0.05,1.0,0.01,50,5.438253729579125,6.152453738629527,0.24729372957912454,30.72,3.44,5.76,2.5954800000000002,0.007989337453855088,0.30478180303959973,0.05095636060791995
volatile_clean,0.15,0.002,3.0,inventory_and_uncertainty_aware,1000,100,2.0,brownian,0.01,0.0,0.05,1.0,0.01,50,4.12368405282435,4.39532892571014,0.2200440528243498,30.35,2.35,4.58,1.9518199999999999,0.007976430168646138,0.3029963571717931,0.050998785723931024
volatile_clean,0.05,0.002,5.0,inventory_and_uncertainty_aware,1000,100,2.0,brownian,0.01,0.0,0.05,1.0,0.01,50,4.620294418928793,4.460580006774702,0.19525441892879336,30.83,2.55,5.11,2.21252,0.007983613403995693,0.30469565928191067,0.05093913185638213
volatile_clean,0.15,0.0,2.0,inventory_and_uncertainty_aware,1000,100,2.0,brownian,0.01,0.0,0.05,1.0,0.01,50,6.53028854312791,7.1967375552047095,-0.11915145687208925,49.36,5.12,7.77,3.3247199999999997,0.007977974478585958,0.25178608013461545,0.050893040067307736
volatile_clean,0.2,0.004,3.0,inventory_and_uncertainty_aware,1000,100,2.0,brownian,0.01,0.0,0.05,1.0,0.01,50,3.0454123163744566,3.1803082809627727,-0.20488768362554352,18.67,1.75,3.79,1.6251499999999999,0.007978888061605625,0.3526890072855018,0.05089633576183394
volatile_clean,0.2,0.001,2.0,inventory_and_uncertainty_aware,1000,100,2.0,brownian,0.01,0.0,0.05,1.0,0.01,50,5.08127587880892,4.821031689861406,-0.2204241211910802,30.12,3.28,5.88,2.6508499999999997,0.007986432393232951,0.30204192888984893,0.05102096444492446
volatile_clean,0.15,0.001,3.0,inventory_and_uncertainty_aware,1000,100,2.0,brownian,0.01,0.0,0.05,1.0,0.01,50,4.481298087243572,4.552290975174985,-0.2716219127564281,30.31,3.37,5.49,2.37646,0.007981045364111414,0.30247270403978765,0.05082423467992919
volatile_clean,0.05,0.0,3.0,inventory_and_uncertainty_aware,1000,100,2.0,brownian,0.01,0.0,0.05,1.0,0.01,50,9.555951017495389,8.94974813852653,-0.3763689825046123,84.07,7.89,10.93,4.9661599999999995,0.00798406048971193,0.20296657160159118,0.050988857200530396
volatile_clean,0.1,0.004,5.0,inventory_and_uncertainty_aware,1000,100,2.0,brownian,0.01,0.0,0.05,1.0,0.01,50,2.9073680906124615,2.7981726886828806,-0.40601190938753823,18.5,1.84,3.75,1.6566900000000002,0.007965932863723069,0.354861484182717,0.05097229683654339
volatile_clean,0.15,0.001,5.0,inventory_and_uncertainty_aware,1000,100,2.0,brownian,0.01,0.0,0.05,1.0,0.01,50,3.036421305708342,3.343585135842443,-0.5551186942916582,11.24,2.68,3.69,1.79577,0.007986535596467356,0.4041301070485833,0.05082602140971665
volatile_clean,0.2,0.0,1.0,inventory_and_uncertainty_aware,1000,100,2.0,brownian,0.01,0.0,0.05,1.0,0.01,50,6.86819674138533,7.11497535509965,-0.657603258614669,50.67,5.61,8.29,3.7629,0.007982984487137133,0.25098050833952784,0.05098050833952786
volatile_clean,0.05,0.0,5.0,inventory_and_uncertainty_aware,1000,100,2.0,brownian,0.01,0.0,0.05,1.0,0.01,50,4.788838822742623,5.760076992086063,-0.6886811772573771,30.11,3.97,6.03,2.7387599999999996,0.00794338492645262,0.30518534282269894,0.051037068564539795
volatile_clean,0.15,0.002,5.0,inventory_and_uncertainty_aware,1000,100,2.0,brownian,0.01,0.0,0.05,1.0,0.01,50,2.4092656392908443,3.3766350302929515,-0.7172743607091557,11.35,2.15,3.31,1.56327,0.007994033151803909,0.4053662222073802,0.05107324444147606
volatile_clean,0.2,0.002,3.0,inventory_and_uncertainty_aware,1000,100,2.0,brownian,0.01,0.0,0.05,1.0,0.01,50,2.734684371026034,3.739684045755132,-0.7554556289739661,18.87,2.45,4.09,1.7450700000000001,0.007962637110462517,0.35312428479733876,0.05104142826577958
volatile_clean,0.1,0.001,5.0,inventory_and_uncertainty_aware,1000,100,2.0,brownian,0.01,0.0,0.05,1.0,0.01,50,3.571172044997712,5.031541187662764,-0.7663479550022879,18.58,3.02,4.63,2.1687600000000002,0.007999668322466298,0.35562674521953247,0.0511253490439065
volatile_clean,0.15,0.004,5.0,inventory_and_uncertainty_aware,1000,100,2.0,brownian,0.01,0.0,0.05,1.0,0.01,50,1.8924737144464725,3.120506464262792,-0.8481862855535275,11.2,1.74,2.98,1.3703299999999998,0.008019261351346098,0.40542846059122695,0.05108569211824539
volatile_clean,0.15,0.0,0.0,inventory_and_uncertainty_aware,1000,100,2.0,brownian,0.01,0.0,0.05,1.0,0.01,50,11.714615313743064,11.405672903501497,-0.8837846862569362,134.41,9.51,13.97,6.2992,0.007992738045098913,0.15000000000000283,0.05098279937344393
volatile_clean,0.1,0.0,1.0,inventory_and_uncertainty_aware,1000,100,2.0,brownian,0.01,0.0,0.05,1.0,0.01,50,9.504860910784075,9.332580326326903,-0.9161790892159248,134.32,7.52,12.19,5.21052,0.007975950095084476,0.15108735284327168,0.05108735284327165
volatile_clean,0.2,0.002,5.0,inventory_and_uncertainty_aware,1000,100,2.0,brownian,0.01,0.0,0.05,1.0,0.01,50,1.4828271011281948,2.569738578470369,-0.9262928988718051,7.13,1.53,2.46,1.20456,0.007987421098145299,0.4546873901202103,0.050937478024042054
volatile_clean,0.1,0.0,2.0,inventory_and_uncertainty_aware,1000,100,2.0,brownian,0.01,0.0,0.05,1.0,0.01,50,7.724430971148799,9.21870422337276,-0.9391690288512016,81.44,6.52,10.19,4.3318,0.00799139336531088,0.20203709797791244,0.0510185489889562
volatile_clean,0.2,0.001,3.0,inventory_and_uncertainty_aware,1000,100,2.0,brownian,0.01,0.0,0.05,1.0,0.01,50,2.8809806150225516,4.908422725452078,-0.9950793849774486,17.94,2.64,4.21,1.93803,0.007944512292002215,0.3529942922561096,0.05099809741870324
volatile_clean,0.15,0.0,3.0,inventory_and_uncertainty_aware,1000,100,2.0,brownian,0.01,0.0,0.05,1.0,0.01,50,4.20092723359608,6.048796333420216,-1.0435527664039197,29.67,4.05,6.11,2.6222399999999997,0.008003330401014214,0.30339579120162385,0.05113193040054128
volatile_clean,0.2,0.004,5.0,inventory_and_uncertainty_aware,1000,100,2.0,brownian,0.01,0.0,0.05,1.0,0.01,50,1.2446305997132197,2.5037927180293855,-1.0488294002867804,6.86,1.58,2.51,1.14673,0.007981516745598096,0.4557990037033887,0.05115980074067775
volatile_clean,0.2,0.001,1.0,inventory_and_uncertainty_aware,1000,100,2.0,brownian,0.01,0.0,0.05,1.0,0.01,50,5.087983681848563,6.3371474583791105,-1.0994963181514368,50.79,3.87,7.11,3.0937400000000004,0.007979027283551123,0.25109884308637864,0.0510988430863787
volatile_clean,0.2,0.0,5.0,inventory_and_uncertainty_aware,1000,100,2.0,brownian,0.01,0.0,0.05,1.0,0.01,50,1.233813500782314,2.7767197346171044,-1.2338864992176857,6.64,1.88,2.63,1.2338500000000001,0.007991295669426014,0.4558361638364153,0.05116723276728306
volatile_clean,0.1,0.002,5.0,inventory_and_uncertainty_aware,1000,100,2.0,brownian,0.01,0.0,0.05,1.0,0.01,50,2.640330154018688,3.7814362198137585,-1.236309845981312,18.53,2.77,4.48,1.93832,0.007986033470890327,0.3548807464960578,0.050976149299211564
volatile_clean,0.1,0.0,5.0,inventory_and_uncertainty_aware,1000,100,2.0,brownian,0.01,0.0,0.05,1.0,0.01,50,2.9398461561984575,4.712234026261999,-1.434553843801543,18.17,3.07,4.62,2.1872,0.007970842624054475,0.3542213041004386,0.05084426082008773
volatile_clean,0.15,0.0,1.0,inventory_and_uncertainty_aware,1000,100,2.0,brownian,0.01,0.0,0.05,1.0,0.01,50,7.283398892910407,8.80070317328927,-1.7155811070895934,82.49,6.73,10.5,4.49949,0.007960711778069944,0.2010165206165593,0.051016520616559285
volatile_clean,0.2,0.0,2.0,inventory_and_uncertainty_aware,1000,100,2.0,brownian,0.01,0.0,0.05,1.0,0.01,50,3.9977439847031038,4.73158203223212,-1.7688960152968962,29.14,4.14,6.06,2.88332,0.008009283780208487,0.3018211051620894,0.05091055258104467
volatile_clean,0.2,0.0,0.0,inventory_and_uncertainty_aware,1000,100,2.0,brownian,0.01,0.0,0.05,1.0,0.01,50,8.041365917911497,8.40670886625361,-1.7830140820885023,85.12,7.32,11.17,4.91219,0.00797480954963646,0.19999999999999718,0.05107361877453184
volatile_clean,0.15,0.0,5.0,inventory_and_uncertainty_aware,1000,100,2.0,brownian,0.01,0.0,0.05,1.0,0.01,50,1.8540762904977786,4.5206641845783375,-1.9363037095022213,11.4,2.82,3.96,1.8951900000000002,0.007980518042396401,0.4052139029045288,0.05104278058090578
volatile_clean,0.2,0.0,3.0,inventory_and_uncertainty_aware,1000,100,2.0,brownian,0.01,0.0,0.05,1.0,0.01,50,2.322147903059518,5.322133695856312,-2.2271520969404817,17.93,3.45,4.77,2.27465,0.007966437397446867,0.35291905694532644,0.05097301898177549
volatile_clean,0.1,0.0,3.0,inventory_and_uncertainty_aware,1000,100,2.0,brownian,0.01,0.0,0.05,1.0,0.01,50,4.463573228893603,6.983970874842471,-2.227586771106397,48.81,4.93,7.43,3.34558,0.007979190009522113,0.2533733346552199,0.05112444488507327
volatile_clean,0.2,0.001,5.0,inventory_and_uncertainty_aware,1000,100,2.0,brownian,0.01,0.0,0.05,1.0,0.01,50,0.4203288914722556,2.819052029213319,-2.3507911085277446,7.04,1.86,2.77,1.3855600000000001,0.007956896148026605,0.4550416480501516,0.05100832961003032
volatile_clean,0.1,0.0,0.0,inventory_and_uncertainty_aware,1000,100,2.0,brownian,0.01,0.0,0.05,1.0,0.01,50,11.793816089313644,13.94156838297492,-3.468823910686357,228.05,11.67,17.22,7.63132,0.007934121752116857,0.09999999999999859,0.05091890372845738
volatile_clean,0.05,0.0,1.0,inventory_and_uncertainty_aware,1000,100,2.0,brownian,0.01,0.0,0.05,1.0,0.01,50,9.361696056129055,13.284244763685685,-4.688083943870946,222.6,9.88,16.02,7.02489,0.00799012456419654,0.10123535495756925,0.051235354957569236
volatile_clean,0.05,0.0,2.0,inventory_and_uncertainty_aware,1000,100,2.0,brownian,0.01,0.0,0.05,1.0,0.01,50,8.52175975436328,13.848945973854205,-4.93526024563672,134.68,9.32,14.14,6.72851,0.007950224623873325,0.1518466666791189,0.05092333333955944
volatile_clean,0.05,0.0,0.0,inventory_and_uncertainty_aware,1000,100,2.0,brownian,0.01,0.0,0.05,1.0,0.01,50,7.848014246900252,20.752260891189852,-10.743325753099748,375.53,14.17,21.52,9.29567,0.007984284278686787,0.049999999999999295,0.05100548315259059
volatile_noisy,0.2,0.004,5.0,inventory_and_uncertainty_aware,1000,100,2.0,brownian,0.01,0.0,0.05,1.0,0.1,50,0.17473803720969683,1.1734818596512049,-0.7642819627903031,0.78,0.6,0.66,0.46951,0.07965900907695542,0.9412120688453889,0.14824241376907776
volatile_noisy,0.2,0.001,5.0,inventory_and_uncertainty_aware,1000,100,2.0,brownian,0.01,0.0,0.05,1.0,0.1,50,0.1747455168380442,1.285626783406422,-0.8185144831619557,0.83,0.59,0.7,0.49663,0.08007191303957308,0.9436694438237581,0.14873388876475158
volatile_noisy,0.15,0.0,5.0,inventory_and_uncertainty_aware,1000,100,2.0,brownian,0.01,0.0,0.05,1.0,0.1,50,0.3854952602146585,1.6317585236960348,-0.9315047397853415,1.54,0.82,1.02,0.6585,0.07940007926086234,0.888392796952814,0.1476785593905628
volatile_noisy,0.2,0.0,5.0,inventory_and_uncertainty_aware,1000,100,2.0,brownian,0.01,0.0,0.05,1.0,0.1,50,0.015584587465666716,1.430570076576035,-1.0006154125343334,0.95,0.67,0.79,0.5081,0.07978037026755622,0.9395593662628154,0.1479118732525631
volatile_noisy,0.15,0.001,5.0,inventory_and_uncertainty_aware,1000,100,2.0,brownian,0.01,0.0,0.05,1.0,0.1,50,0.05727930521329512,1.6465978490292004,-1.051800694786705,1.2,0.72,0.86,0.55454,0.07970559632836291,0.8911667713373429,0.14823335426746861
volatile_noisy,0.1,0.004,5.0,inventory_and_uncertainty_aware,1000,100,2.0,brownian,0.01,0.0,0.05,1.0,0.1,50,0.2863437102177967,1.7574533698922385,-1.0584362897822033,1.75,0.85,1.12,0.67239,0.0799745542208405,0.8451626371193496,0.14903252742386988
volatile_noisy,0.1,0.004,2.0,inventory_and_uncertainty_aware,1000,100,2.0,brownian,0.01,0.0,0.05,1.0,0.1,50,3.062253544100531,3.9489427510620976,-1.0958664558994686,57.56,2.1,5.63,2.07906,0.08000558035619308,0.39747803471775534,0.14873901735887762
volatile_noisy,0.2,0.002,5.0,inventory_and_uncertainty_aware,1000,100,2.0,brownian,0.01,0.0,0.05,1.0,0.1,50,0.02765977814517086,1.3603056196799148,-1.1044002218548292,0.88,0.68,0.75,0.56603,0.07976789717532816,0.9408226743617495,0.1481645348723499
volatile_noisy,0.1,0.001,5.0,inventory_and_uncertainty_aware,1000,100,2.0,brownian,0.01,0.0,0.05,1.0,0.1,50,0.19511120306654448,1.449621835350181,-1.1089087969334555,1.88,0.84,1.13,0.65201,0.07986066529482122,0.8405992770855386,0.14811985541710773
volatile_noisy,0.1,0.002,5.0,inventory_and_uncertainty_aware,1000,100,2.0,brownian,0.01,0.0,0.05,1.0,0.1,50,0.48063293345925345,1.8492350333592174,-1.1398670665407464,2.15,0.99,1.25,0.81025,0.08014217741564171,0.8424274374225927,0.14848548748451856
volatile_noisy,0.1,0.002,3.0,inventory_and_uncertainty_aware,1000,100,2.0,brownian,0.01,0.0,0.05,1.0,0.1,50,2.659292063216317,3.674087861969321,-1.2246679367836832,18.12,2.88,4.2,1.94198,0.07981017933872425,0.5438439798373106,0.14794799327910352
volatile_noisy,0.2,0.001,3.0,inventory_and_uncertainty_aware,1000,100,2.0,brownian,0.01,0.0,0.05,1.0,0.1,50,1.092631032145947,2.7095889747680366,-1.307408967854053,7.32,1.5,2.51,1.2000199999999999,0.07970325268169447,0.6439544029223495,0.1479848009741165
volatile_noisy,0.05,0.001,5.0,inventory_and_uncertainty_aware,1000,100,2.0,brownian,0.01,0.0,0.05,1.0,0.1,50,0.6858345955758555,2.293908287280941,-1.4261654044241445,2.93,1.29,1.7,1.056,0.07955592371206036,0.7910081220121082,0.14820162440242166
volatile_noisy,0.05,0.004,2.0,inventory_and_uncertainty_aware,1000,100,2.0,brownian,0.01,0.0,0.05,1.0,0.1,50,2.8408628401310967,4.325301142914681,-1.4720371598689035,82.18,2.6,6.12,2.15645,0.07981792119171296,0.3484913570750566,0.1492456785375283
volatile_noisy,0.2,0.0,3.0,inventory_and_uncertainty_aware,1000,100,2.0,brownian,0.01,0.0,0.05,1.0,0.1,50,1.233396682379849,2.96479712119142,-1.4869433176201508,7.18,1.84,2.7,1.3601699999999999,0.07968552538879468,0.6438669519171918,0.14795565063906396
volatile_noisy,0.15,0.004,1.0,inventory_and_uncertainty_aware,1000,100,2.0,brownian,0.01,0.0,0.05,1.0,0.1,50,3.1566142272880735,5.077078706516706,-1.5079057727119263,108.45,2.85,6.84,2.3322599999999998,0.07968573000981242,0.2985123776244621,0.14851237762446207
volatile_noisy,0.2,0.004,1.0,inventory_and_uncertainty_aware,1000,100,2.0,brownian,0.01,0.0,0.05,1.0,0.1,50,2.8967861064470593,4.392832324788339,-1.5287738935529405,79.13,2.03,6.1,2.21278,0.08002982404926966,0.34878155015276946,0.14878155015276942
volatile_noisy,0.15,0.004,2.0,inventory_and_uncertainty_aware,1000,100,2.0,brownian,0.01,0.0,0.05,1.0,0.1,50,2.304813854803113,4.134548713007827,-1.5316261451968871,39.36,2.02,4.93,1.91822,0.0797854114444812,0.4467835354269949,0.14839176771349746
volatile_noisy,0.15,0.002,5.0,inventory_and_uncertainty_aware,1000,100,2.0,brownian,0.01,0.0,0.05,1.0,0.1,50,-0.28709320632779084,2.1225746931831,-1.5331532063277908,1.09,0.85,0.93,0.62303,0.07962143913879335,0.8899277291299619,0.14798554582599238
volatile_noisy,0.15,0.004,3.0,inventory_and_uncertainty_aware,1000,100,2.0,brownian,0.01,0.0,0.05,1.0,0.1,50,1.3623552333053612,2.7239571789860375,-1.586984766694639,11.53,1.85,3.08,1.4746700000000001,0.07991734797164116,0.595660694519877,0.14855356483995902
volatile_noisy,0.15,0.004,5.0,inventory_and_uncertainty_aware,1000,100,2.0,brownian,0.01,0.0,0.05,1.0,0.1,50,-0.12443701959567748,1.6604375744495505,-1.6181770195956775,1.42,0.8,1.02,0.7468699999999999,0.07996705836669898,0.8918955443559764,0.14837910887119526
volatile_noisy,0.05,0.002,5.0,inventory_and_uncertainty_aware,1000,100,2.0,brownian,0.01,0.0,0.05,1.0,0.1,50,0.4636243231870499,2.129160450164677,-1.6282556768129501,3.1,1.46,1.78,1.0459399999999999,0.07988855437362265,0.791007814252067,0.14820156285041336
volatile_noisy,0.05,0.004,5.0,inventory_and_uncertainty_aware,1000,100,2.0,brownian,0.01,0.0,0.05,1.0,0.1,50,0.13176313492614838,1.6803378380543184,-1.7034568650738515,2.99,1.17,1.61,0.9176099999999999,0.07971146750861272,0.7888265616898005,0.14776531233796006
volatile_noisy,0.2,0.002,2.0,inventory_and_uncertainty_aware,1000,100,2.0,brownian,0.01,0.0,0.05,1.0,0.1,50,2.068941667071054,3.922985087420226,-1.7437183329289458,25.02,2.42,4.44,1.90633,0.07969899607675482,0.4971679887565458,0.1485839943782729
volatile_noisy,0.1,0.0,5.0,inventory_and_uncertainty_aware,1000,100,2.0,brownian,0.01,0.0,0.05,1.0,0.1,50,-0.17433517011506808,1.9322256990909517,-1.747955170115068,1.95,1.07,1.3,0.78681,0.07965131727154841,0.8382053271151435,0.14764106542302868
volatile_noisy,0.05,0.0,5.0,inventory_and_uncertainty_aware,1000,100,2.0,brownian,0.01,0.0,0.05,1.0,0.1,50,0.2590699560614077,2.573094018535953,-1.9361500439385924,2.9,1.38,1.75,1.09761,0.0797788780663669,0.7879742599977433,0.14759485199954867
volatile_noisy,0.2,0.004,2.0,inventory_and_uncertainty_aware,1000,100,2.0,brownian,0.01,0.0,0.05,1.0,0.1,50,1.796343956211475,3.876049778085808,-1.9488960437885252,25.49,2.21,4.39,1.87262,0.07987272816721887,0.49740490115106334,0.14870245057553164
volatile_noisy,0.15,0.002,3.0,inventory_and_uncertainty_aware,1000,100,2.0,brownian,0.01,0.0,0.05,1.0,0.1,50,1.0363737403790487,3.5546832543623,-2.047906259620951,11.87,1.97,3.25,1.54214,0.07987425044307928,0.5961695458794599,0.1487231819598199
volatile_noisy,0.05,0.004,3.0,inventory_and_uncertainty_aware,1000,100,2.0,brownian,0.01,0.0,0.05,1.0,0.1,50,1.5891920667617754,3.5970472037045083,-2.0515279332382246,27.64,2.16,4.48,1.82036,0.07994566579333257,0.4961293000900031,0.1487097666966677
volatile_noisy,0.2,0.002,3.0,inventory_and_uncertainty_aware,1000,100,2.0,brownian,0.01,0.0,0.05,1.0,0.1,50,0.7257951995254153,3.3504967914629655,-2.192224800474585,7.37,1.95,2.82,1.4590100000000001,0.07996891109425491,0.645661698001562,0.14855389933385404
volatile_noisy,0.2,0.004,3.0,inventory_and_uncertainty_aware,1000,100,2.0,brownian,0.01,0.0,0.05,1.0,0.1,50,0.3943669857568946,2.9840495470190924,-2.2709530142431054,7.63,1.71,2.67,1.33266,0.0801802257314851,0.6477004423119255,0.1492334807706418
volatile_noisy,0.15,0.001,3.0,inventory_and_uncertainty_aware,1000,100,2.0,brownian,0.01,0.0,0.05,1.0,0.1,50,1.2993452797834382,3.9704772989665282,-2.346934720216562,11.77,2.75,3.81,1.82314,0.08001863173622117,0.5974690061226646,0.14915633537422157
volatile_noisy,0.1,0.001,3.0,inventory_and_uncertainty_aware,1000,100,2.0,brownian,0.01,0.0,0.05,1.0,0.1,50,1.8274897937449668,4.50083368249158,-2.552250206255033,18.0,3.08,4.57,2.18987,0.08004328218706865,0.5459340243599898,0.1486446747866633
volatile_noisy,0.15,0.0,3.0,inventory_and_uncertainty_aware,1000,100,2.0,brownian,0.01,0.0,0.05,1.0,0.1,50,1.1476020897161863,3.5840547936419536,-2.6885379102838134,11.76,2.72,3.92,1.91807,0.07990162747245988,0.5960415974370487,0.14868053247901622
volatile_noisy,0.15,0.002,2.0,inventory_and_uncertainty_aware,1000,100,2.0,brownian,0.01,0.0,0.05,1.0,0.1,50,2.0481789141980897,3.868341377972119,-2.71026108580191,39.61,2.95,5.67,2.37922,0.07988117507099746,0.4456861219063576,0.14784306095317876
volatile_noisy,0.1,0.0,3.0,inventory_and_uncertainty_aware,1000,100,2.0,brownian,0.01,0.0,0.05,1.0,0.1,50,1.54866295218779,4.467507543221334,-2.7328170478122105,17.62,3.16,4.57,2.14074,0.07978094895110957,0.5437649296089382,0.14792164320297943
volatile_noisy,0.05,0.002,3.0,inventory_and_uncertainty_aware,1000,100,2.0,brownian,0.01,0.0,0.05,1.0,0.1,50,1.791677259962539,5.406563972000161,-2.750562740037461,27.65,2.95,5.1,2.27112,0.08002194471540096,0.49514758270428316,0.1483825275680944
volatile_noisy,0.1,0.002,2.0,inventory_and_uncertainty_aware,1000,100,2.0,brownian,0.01,0.0,0.05,1.0,0.1,50,3.234998977877181,6.618923276065106,-2.873241022122819,57.51,3.47,7.15,3.0541199999999997,0.07972518647906962,0.3959250980907528,0.14796254904537642
volatile_noisy,0.05,0.002,2.0,inventory_and_uncertainty_aware,1000,100,2.0,brownian,0.01,0.0,0.05,1.0,0.1,50,2.838691492866011,5.900826851316637,-2.957408507133989,81.87,2.99,7.41,2.89805,0.07962524057904823,0.3457317116265284,0.14786585581326422
volatile_noisy,0.1,0.004,3.0,inventory_and_uncertainty_aware,1000,100,2.0,brownian,0.01,0.0,0.05,1.0,0.1,50,0.3893216774660486,3.4514178229098245,-2.9975183225339515,18.42,2.0,3.79,1.69342,0.08004191686260709,0.5470724800557738,0.1490241600185913
volatile_noisy,0.15,0.002,1.0,inventory_and_uncertainty_aware,1000,100,2.0,brownian,0.01,0.0,0.05,1.0,0.1,50,3.0209280088162926,6.086257889579156,-3.1448719911837077,110.8,3.8,8.0,3.0829000000000004,0.07981172203888828,0.2985508005413489,0.14855080054134892
volatile_noisy,0.2,0.001,2.0,inventory_and_uncertainty_aware,1000,100,2.0,brownian,0.01,0.0,0.05,1.0,0.1,50,1.3794170835457644,3.908409565137841,-3.164982916454236,26.05,2.65,5.05,2.2721999999999998,0.0799497001159409,0.4969679769152831,0.14848398845764155
volatile_noisy,0.1,0.001,2.0,inventory_and_uncertainty_aware,1000,100,2.0,brownian,0.01,0.0,0.05,1.0,0.1,50,3.0531003252534994,5.470456375541764,-3.2006796747465005,57.89,4.37,7.44,3.1268900000000004,0.07983535964836033,0.3969196758607572,0.14845983793037862
volatile_noisy,0.2,0.002,1.0,inventory_and_uncertainty_aware,1000,100,2.0,brownian,0.01,0.0,0.05,1.0,0.1,50,2.6146948937599093,5.19399865090207,-3.464985106240091,78.92,3.56,7.64,3.03984,0.0800849361086789,0.3487351608020549,0.1487351608020549
volatile_noisy,0.1,0.004,1.0,inventory_and_uncertainty_aware,1000,100,2.0,brownian,0.01,0.0,0.05,1.0,0.1,50,1.6192977402266513,5.998918500626975,-3.5178622597733487,147.7,2.84,7.63,2.56858,0.07961988903777346,0.24827484864540053,0.14827484864540058
volatile_noisy,0.05,0.001,3.0,inventory_and_uncertainty_aware,1000,100,2.0,brownian,0.01,0.0,0.05,1.0,0.1,50,1.3817711471041776,5.350686550963081,-3.6141888528958224,27.84,3.58,5.56,2.49798,0.07961373862701207,0.49210376415986185,0.1473679213866206
volatile_noisy,0.05,0.0,3.0,inventory_and_uncertainty_aware,1000,100,2.0,brownian,0.01,0.0,0.05,1.0,0.1,50,2.155061513945278,6.4904528456016575,-3.7390184860547224,27.38,4.48,6.24,2.94704,0.07986047584547656,0.49552154988950875,0.1485071832965029
volatile_noisy,0.15,0.001,2.0,inventory_and_uncertainty_aware,1000,100,2.0,brownian,0.01,0.0,0.05,1.0,0.1,50,2.0237400899977818,6.724021951758276,-3.7433799100022185,37.67,3.91,6.64,2.88356,0.07943208353696254,0.44484044549287943,0.14742022274643968
volatile_noisy,0.05,0.001,2.0,inventory_and_uncertainty_aware,1000,100,2.0,brownian,0.01,0.0,0.05,1.0,0.1,50,3.2387839340294624,7.98652980275919,-4.536496065970538,81.62,4.78,9.13,3.88764,0.07995402735732046,0.34822370939246006,0.14911185469623
volatile_noisy,0.2,0.0,2.0,inventory_and_uncertainty_aware,1000,100,2.0,brownian,0.01,0.0,0.05,1.0,0.1,50,1.6874784502879931,6.205716788233207,-4.553881549712007,25.5,4.7,6.48,3.1206799999999997,0.07944932021860415,0.49630454911066324,0.14815227455533164
volatile_noisy,0.1,0.002,1.0,inventory_and_uncertainty_aware,1000,100,2.0,brownian,0.01,0.0,0.05,1.0,0.1,50,2.0940289999136312,9.25306072256495,-4.983051000086369,149.72,3.96,9.78,3.53854,0.07970085020814291,0.2480513802234825,0.14805138022348252
volatile_noisy,0.2,0.001,1.0,inventory_and_uncertainty_aware,1000,100,2.0,brownian,0.01,0.0,0.05,1.0,0.1,50,2.046068579452508,7.5926769289369265,-5.146251420547491,79.27,4.67,8.6,3.59616,0.07973525163516346,0.34805112955802364,0.14805112955802366
volatile_noisy,0.15,0.0,2.0,inventory_and_uncertainty_aware,1000,100,2.0,brownian,0.01,0.0,0.05,1.0,0.1,50,1.25943721965774,8.27375860397754,-5.2665427803422595,38.38,5.06,7.19,3.26299,0.07955430312867989,0.4455431194927611,0.14777155974638057
volatile_noisy,0.2,0.0,1.0,inventory_and_uncertainty_aware,1000,100,2.0,brownian,0.01,0.0,0.05,1.0,0.1,50,3.8940231212108802,8.910650193643484,-5.56395687878912,80.47,6.83,10.89,4.72899,0.07989568062674096,0.34800226475685414,0.14800226475685416
volatile_noisy,0.1,0.0,2.0,inventory_and_uncertainty_aware,1000,100,2.0,brownian,0.01,0.0,0.05,1.0,0.1,50,2.4216119979202038,7.774167852035283,-5.564088002079797,56.88,5.76,8.81,3.9928500000000002,0.07992860088652691,0.3967596522482178,0.1483798261241089
volatile_noisy,0.05,0.0,2.0,inventory_and_uncertainty_aware,1000,100,2.0,brownian,0.01,0.0,0.05,1.0,0.1,50,4.2020488920038055,9.923298010888987,-5.731631107996194,79.91,7.81,11.13,4.96684,0.07999186186167549,0.34773814047647067,0.1488690702382353
volatile_noisy,0.2,0.004,0.0,inventory_and_uncertainty_aware,1000,100,2.0,brownian,0.01,0.0,0.05,1.0,0.1,50,-0.6621888489302303,5.358666237397841,-6.00080884893023,192.49,2.91,8.18,2.66931,0.07988663144015151,0.19999999999999718,0.14810613303623976
volatile_noisy,0.05,0.004,1.0,inventory_and_uncertainty_aware,1000,100,2.0,brownian,0.01,0.0,0.05,1.0,0.1,50,-0.7406692376217802,4.835695536867872,-6.29686923762178,191.73,2.85,8.51,2.7781000000000002,0.07990120938746641,0.1985901767864419,0.14859017678644196
volatile_noisy,0.15,0.001,1.0,inventory_and_uncertainty_aware,1000,100,2.0,brownian,0.01,0.0,0.05,1.0,0.1,50,2.2580101195452715,10.589816059485429,-6.365229880454729,110.48,5.28,10.35,4.31162,0.07981941446020605,0.2982845509331318,0.1482845509331318
volatile_noisy,0.2,0.002,0.0,inventory_and_uncertainty_aware,1000,100,2.0,brownian,0.01,0.0,0.05,1.0,0.1,50,0.6839535777286199,7.265703269372799,-6.37646642227138,190.92,3.74,9.85,3.5302100000000003,0.079907851771466,0.19999999999999718,0.14836484574112282
volatile_noisy,0.1,0.001,1.0,inventory_and_uncertainty_aware,1000,100,2.0,brownian,0.01,0.0,0.05,1.0,0.1,50,2.213897784576497,8.606762702361683,-6.649302215423503,149.63,5.07,10.98,4.4316,0.08011618084209787,0.2487001196353117,0.14870011963531168
volatile_noisy,0.05,0.002,1.0,inventory_and_uncertainty_aware,1000,100,2.0,brownian,0.01,0.0,0.05,1.0,0.1,50,-0.616827699154658,5.002038491865861,-7.679547699154658,193.37,3.99,9.84,3.5313600000000003,0.0798940422523083,0.19811753899000814,0.14811753899000812
volatile_noisy,0.2,0.001,0.0,inventory_and_uncertainty_aware,1000,100,2.0,brownian,0.01,0.0,0.05,1.0,0.1,50,0.9658324750818069,9.040252053699843,-8.411087524918194,192.16,5.24,12.01,4.68846,0.07975751732866251,0.19999999999999718,0.1485707382765539
volatile_noisy,0.15,0.004,0.0,inventory_and_uncertainty_aware,1000,100,2.0,brownian,0.01,0.0,0.05,1.0,0.1,50,-2.868220717952387,5.445591497575415,-8.733240717952386,240.94,3.12,9.05,2.9325099999999997,0.08007280702809942,0.15000000000000283,0.14883789415091622
volatile_noisy,0.1,0.0,1.0,inventory_and_uncertainty_aware,1000,100,2.0,brownian,0.01,0.0,0.05,1.0,0.1,50,3.004014145443695,16.98762847442134,-9.379325854556305,148.03,8.85,14.21,6.19167,0.07975137563891577,0.24848488098366464,0.1484848809836646
volatile_noisy,0.15,0.0,1.0,inventory_and_uncertainty_aware,1000,100,2.0,brownian,0.01,0.0,0.05,1.0,0.1,50,1.704604395293419,9.676486180334127,-9.41519560470658,111.63,7.61,12.61,5.5599,0.0794501716269071,0.29789165858053207,0.14789165858053208
volatile_noisy,0.05,0.001,1.0,inventory_and_uncertainty_aware,1000,100,2.0,brownian,0.01,0.0,0.05,1.0,0.1,50,-0.040544296767386495,9.755756541727731,-9.616644296767387,193.11,5.53,12.07,4.78805,0.08003525174839034,0.19832092926275272,0.14832092926275278
volatile_noisy,0.15,0.002,0.0,inventory_and_uncertainty_aware,1000,100,2.0,brownian,0.01,0.0,0.05,1.0,0.1,50,-2.6112900374439767,8.91884479031551,-10.472870037443977,239.69,4.39,11.18,3.93079,0.07950267344178052,0.15000000000000283,0.14738634808787962
volatile_noisy,0.15,0.001,0.0,inventory_and_uncertainty_aware,1000,100,2.0,brownian,0.01,0.0,0.05,1.0,0.1,50,-2.7022672378924635,10.504950340618047,-13.042127237892464,241.71,6.35,13.45,5.169930000000001,0.07980178793153031,0.15000000000000283,0.1479402516700386
volatile_noisy,0.1,0.004,0.0,inventory_and_uncertainty_aware,1000,100,2.0,brownian,0.01,0.0,0.05,1.0,0.1,50,-8.151575101887897,6.677682588136509,-14.402015101887898,295.88,3.04,9.71,3.12522,0.08003609759174901,0.09999999999999859,0.14874934141058188
volatile_noisy,0.1,0.002,0.0,inventory_and_uncertainty_aware,1000,100,2.0,brownian,0.01,0.0,0.05,1.0,0.1,50,-7.833848795027136,7.19208058244477,-15.941808795027136,293.64,4.98,11.55,4.05398,0.07960901881102603,0.09999999999999859,0.14763935796745617
volatile_noisy,0.2,0.0,0.0,inventory_and_uncertainty_aware,1000,100,2.0,brownian,0.01,0.0,0.05,1.0,0.1,50,-1.6191559496971126,17.101839189940453,-16.21041594969711,191.0,10.88,16.72,7.29563,0.07957086090964607,0.19999999999999718,0.1476651893863847
volatile_noisy,0.05,0.0,1.0,inventory_and_uncertainty_aware,1000,100,2.0,brownian,0.01,0.0,0.05,1.0,0.1,50,-2.223364936087149,14.199283282791217,-16.36878493608715,193.48,10.92,16.41,7.07271,0.07978835618996968,0.19832273574316306,0.1483227357431631
volatile_noisy,0.1,0.001,0.0,inventory_and_uncertainty_aware,1000,100,2.0,brownian,0.01,0.0,0.05,1.0,0.1,50,-5.1678460386727805,11.181446146328685,-17.13306603867278,295.88,6.56,15.18,5.982609999999999,0.08001940626244691,0.09999999999999859,0.14841706357822687
volatile_noisy,0.15,0.0,0.0,inventory_and_uncertainty_aware,1000,100,2.0,brownian,0.01,0.0,0.05,1.0,0.1,50,-1.5528642356055733,14.835582789630463,-18.207744235605574,240.0,13.1,19.06,8.327440000000001,0.07997144464822319,0.15000000000000283,0.14881299421224597
volatile_noisy,0.05,0.004,0.0,inventory_and_uncertainty_aware,1000,100,2.0,brownian,0.01,0.0,0.05,1.0,0.1,50,-12.471939831408749,6.935336448445708,-19.19089983140875,347.51,3.01,10.25,3.3594799999999996,0.07959375426626795,0.049999999999999295,0.1483628618641478
volatile_noisy,0.05,0.002,0.0,inventory_and_uncertainty_aware,1000,100,2.0,brownian,0.01,0.0,0.05,1.0,0.1,50,-12.552014717701674,9.858288084269915,-22.04063471770168,350.87,4.55,13.36,4.74431,0.07962369406004127,0.049999999999999295,0.1479599431324312
volatile_noisy,0.1,0.0,0.0,inventory_and_uncertainty_aware,1000,100,2.0,brownian,0.01,0.0,0.05,1.0,0.1,50,-5.25188086602062,16.645948181832228,-22.20648086602062,295.0,13.28,19.95,8.4773,0.07979897736809698,0.09999999999999859,0.14840225052741815
volatile_noisy,0.05,0.001,0.0,inventory_and_uncertainty_aware,1000,100,2.0,brownian,0.01,0.0,0.05,1.0,0.1,50,-14.008048415175887,11.887803611310876,-24.729448415175888,349.73,5.63,14.87,5.3607000000000005,0.07994638925230245,0.049999999999999295,0.14842478102539391
volatile_noisy,0.05,0.0,0.0,inventory_and_uncertainty_aware,1000,100,2.0,brownian,0.01,0.0,0.05,1.0,0.1,50,-11.660898394055328,19.465589491650658,-30.316938394055327,348.22,14.8,21.99,9.32802,0.07967863330022373,0.049999999999999295,0.14816914949397558
